filepath,class_name,binary_label,model_name,nsfw_probability,predicted_label,latency_ms
/workspace/raw_data/hentai/69832a6f4e8aa314d5cbb15e83b7664d711faf33c06d0c2958be15b63401e9fe.jpg,hentai,NSFW,cnn_gantman_mobilenetv2,0.820078432559967,NSFW,4752.312758000016
/workspace/raw_data/hentai/3a3fc7dd593aee37b4de19f285507c2f18f0241e79225b318923f085e304bbe1.jpg,hentai,NSFW,cnn_gantman_mobilenetv2,0.7247496843338013,NSFW,125.02801900001259
/workspace/raw_data/drawings/ed87dd874f5139620bb41b09c8b84b28b53ee309a47d5e4da1d50b4c815f10af.jpg,drawings,SFW,cnn_gantman_mobilenetv2,0.01882171258330345,SFW,139.71831799997858
/workspace/raw_data/neutral/244f7f82452d2080b6f9e2ebdd5eff900c20f4e603e4a1e65ec98040529c607e.jpg,neutral,SFW,cnn_gantman_mobilenetv2,0.001357015804387629,SFW,125.1924430000031
/workspace/raw_data/drawings/79d1c5defcc5b3f3188a08d1fbbdb799fc922fd64de40ef863d7da8e428e43e7.jpg,drawings,SFW,cnn_gantman_mobilenetv2,0.02075888402760029,SFW,121.44548200001282
/workspace/raw_data/sexy/dc088d2d2b126ee68c80d7fa4cd5c1cca7d8e6dd32f41a75afabd1f2bc5c1d2e.jpg,sexy,NSFW,cnn_gantman_mobilenetv2,0.9703731536865234,NSFW,139.31265699997653
/workspace/raw_data/drawings/ddbb98486f9c74b39ec85649d07e30e8514a558062b9e686f424ffa9c11e5493.jpg,drawings,SFW,cnn_gantman_mobilenetv2,0.004280072171241045,SFW,130.66916300002163
/workspace/raw_data/drawings/fb8b79754a36faf467554f58e362fb59f64b1bcb0de569d46ece48cb9fe8a98d.jpg,drawings,SFW,cnn_gantman_mobilenetv2,0.6262362003326416,NSFW,144.6957629999872
/workspace/raw_data/sexy/11fd2d11bf0ac477bbad0b34eb28577b57baa65c07fceece4600bc09dd79d42f.jpg,sexy,NSFW,cnn_gantman_mobilenetv2,0.9993753433227539,NSFW,125.24018599998499
/workspace/raw_data/drawings/df949eea9b9b1954ed971753ac2e6966eca0674cf2dc92643c4fa9c72cc7ce78.jpg,drawings,SFW,cnn_gantman_mobilenetv2,7.406776489915501e-07,SFW,160.05411899999444
/workspace/raw_data/porn/c9d868753c3e3cecce3bb0d89af56f2baa1abc842411658c415ac5661c62e4d7.jpg,porn,NSFW,cnn_gantman_mobilenetv2,0.8938212394714355,NSFW,140.5341319999991
/workspace/raw_data/neutral/16b6882821009f1318b6184cb78af582806f7107ea63d19347e531eeafe66439.jpg,neutral,SFW,cnn_gantman_mobilenetv2,0.0013054367154836655,SFW,144.86178399999972
/workspace/raw_data/neutral/6d8104662f901595e2ee4bd930989f62c949a2153bc0c0a65c1d6846796864fc.jpg,neutral,SFW,cnn_gantman_mobilenetv2,0.07398038357496262,SFW,152.5399089999837
/workspace/raw_data/hentai/a60d75f0f87f61f94c057c9c474bc467142c9b89652577185136c116b585ad7a.jpg,hentai,NSFW,cnn_gantman_mobilenetv2,0.9793240427970886,NSFW,141.75363100000027
/workspace/raw_data/drawings/7424de958899da3bf04295a35a44ed82d31b2ee2bcb6f1a416c571fa5ff341b5.jpg,drawings,SFW,cnn_gantman_mobilenetv2,0.008705020882189274,SFW,151.0493879999899
/workspace/raw_data/sexy/ab3c2cfd60d34484fab044d0d8a5cd21b254a259e3ae3ebe6073a01fa8faf8ae.jpg,sexy,NSFW,cnn_gantman_mobilenetv2,0.874492883682251,NSFW,141.32229599999846
/workspace/raw_data/drawings/052bac737174b4b3a2b6d868fc6659cbf62361c99d63b90de8e24dee7253a62b.jpg,drawings,SFW,cnn_gantman_mobilenetv2,0.05687589570879936,SFW,141.2971940000034
/workspace/raw_data/drawings/b5890eea535b3d2ba07b6ce05b238324b26efd779c8c11a81c27f3aada560f5b.jpg,drawings,SFW,cnn_gantman_mobilenetv2,5.895145295653492e-05,SFW,129.87426399999435
/workspace/raw_data/porn/626534d5c4916700529afbb8a079c2594f521d10d3fc2642209a34e89adf2a5c.jpg,porn,NSFW,cnn_gantman_mobilenetv2,0.9999998807907104,NSFW,137.58999300000596
/workspace/raw_data/neutral/dbe077c1b397b920fbe7a353ab2ce274f027f24a53dcfd6ecbe90acfea1adfd9.jpg,neutral,SFW,cnn_gantman_mobilenetv2,0.16402395069599152,SFW,130.4440110000087
/workspace/raw_data/hentai/6161158.jpg,hentai,NSFW,cnn_gantman_mobilenetv2,0.9920872449874878,NSFW,164.30196499999283
/workspace/raw_data/sexy/bf98dc0a7f5687a4c102ae6e554040d5b6507ded5539a02cc592bf1a546aa02a.jpg,sexy,NSFW,cnn_gantman_mobilenetv2,0.999569296836853,NSFW,150.06900700001324
/workspace/raw_data/neutral/46fdd2de25add150e9ed6d0dd651ccb476a966866c55a9d80367f5f33595185a.jpg,neutral,SFW,cnn_gantman_mobilenetv2,0.16513878107070923,SFW,145.16430899999477
/workspace/raw_data/porn/51b4e901329c2f13f1c941c9793e42ee0aaf31d95845d41e88a0c619390c75d6.jpg,porn,NSFW,cnn_gantman_mobilenetv2,0.9999960064888,NSFW,156.19906300000252
/workspace/raw_data/neutral/873904af436158641ceec7a213fae2d1eedcda3dbc97c324fb06a5e53a25df80.jpg,neutral,SFW,cnn_gantman_mobilenetv2,0.003625251818448305,SFW,144.49526200002083
/workspace/raw_data/hentai/cbdbdb3d020ff6bed19c2e271e770c12f7f6fdac260921ae13d09f26d5ce808c.jpg,hentai,NSFW,cnn_gantman_mobilenetv2,0.0887770801782608,SFW,135.28197299999078
/workspace/raw_data/sexy/e97fce0f730dfc0d27d08c777d04ed78752ca4a13416ad67d2b6d9d991e580a7.jpg,sexy,NSFW,cnn_gantman_mobilenetv2,0.9997409582138062,NSFW,187.5323440000045
/workspace/raw_data/drawings/37c0adb32282851876dc362854118e0c75ef6093b1489b214aa4f3b6a3e48939.jpg,drawings,SFW,cnn_gantman_mobilenetv2,0.40572434663772583,SFW,160.19180499998242
/workspace/raw_data/porn/3b76496fb0f5e5aeb5dff88c5fff1ac4e973f9598416f2a5807a42827358a05e.jpg,porn,NSFW,cnn_gantman_mobilenetv2,1.0,NSFW,152.5747529999819
/workspace/raw_data/neutral/c0cf01d948842c6bf2d56068155bffb0e949e15670df171ebc63b9934b813779.jpg,neutral,SFW,cnn_gantman_mobilenetv2,2.5985620595747605e-05,SFW,163.2099629999857
/workspace/raw_data/hentai/1383809.jpg,hentai,NSFW,cnn_gantman_mobilenetv2,0.927126944065094,NSFW,171.239149999991
/workspace/raw_data/hentai/1abe7793675bf2444e561624e30608d4bf887a4f845ef8e5b873cbfcc6f23931.jpg,hentai,NSFW,cnn_gantman_mobilenetv2,0.9998452067375183,NSFW,178.0387319999761
/workspace/raw_data/sexy/f4e793ec5452e67e0c3db8c1a7c4e6c0180c9d23625c85fa642decd951f3a182.jpg,sexy,NSFW,cnn_gantman_mobilenetv2,0.9545288681983948,NSFW,160.4955299999915
/workspace/raw_data/drawings/0496d0dcc3f39c6064d896bf8506b6e79c5e25b00b401170f262a20da8bbbec1.jpg,drawings,SFW,cnn_gantman_mobilenetv2,0.015548012219369411,SFW,174.3982200000005
/workspace/raw_data/hentai/80315487_p0_master1200.jpg,hentai,NSFW,cnn_gantman_mobilenetv2,0.9978504180908203,NSFW,172.88879100001964
/workspace/raw_data/hentai/a17f42097e88b10b4ff1ba684a39cb5a9ab507d3c9b432ab913f918da432a4d0.jpg,hentai,NSFW,cnn_gantman_mobilenetv2,0.9997254014015198,NSFW,160.19240500000365
/workspace/raw_data/porn/5dfec6d4f58a21528e5600edf324490d6037e026daa88aa1abff23a5f6d5e6fe.jpg,porn,NSFW,cnn_gantman_mobilenetv2,0.9322924017906189,NSFW,175.41450699999928
/workspace/raw_data/drawings/21009525f8858cc256304a3037aeff36de8477bf0515a7cace46dbc4795ae2a0.jpg,drawings,SFW,cnn_gantman_mobilenetv2,0.3335259258747101,SFW,158.7634829999729
/workspace/raw_data/porn/5249fd9caefced50bd514e3035af1b61b43ba2ce76651c5a698316534ac0ee4f.jpg,porn,NSFW,cnn_gantman_mobilenetv2,0.9994910955429077,NSFW,171.54947699998502
/workspace/raw_data/neutral/cd536b8eefa2db4c240dc310856a73a7116b640771d76e35d1533c8517097933.jpg,neutral,SFW,cnn_gantman_mobilenetv2,0.0011595275718718767,SFW,166.7339640000023
/workspace/raw_data/drawings/859736a13469b5aabe70ea0f48e5c0a58b2e3b8a1a5fc582c867dece9424b135.jpg,drawings,SFW,cnn_gantman_mobilenetv2,0.0036343748215585947,SFW,151.73358200001985
/workspace/raw_data/porn/89d7a8ec0c4fb59ec9a6c483ce0af4fbd0534ad04ef336c8a3478262e7a298bc.jpg,porn,NSFW,cnn_gantman_mobilenetv2,0.9487764239311218,NSFW,185.07613400001333
/workspace/raw_data/drawings/635a4496bc1db38a8ef58909ff7ffeee96a335ae3a209a8269c37aa70e90f55a.jpg,drawings,SFW,cnn_gantman_mobilenetv2,0.011198884807527065,SFW,172.014216000008
/workspace/raw_data/neutral/6c25b4ee1c4613515594808f3827ab6f7800672adf0ad40158e344d376944042.jpg,neutral,SFW,cnn_gantman_mobilenetv2,0.00019167852587997913,SFW,157.95581300000094
/workspace/raw_data/neutral/a6b7ed7e6eeff36539a4a59d393c4fabb0d1d4b067085f85126556862f3894ba.jpg,neutral,SFW,cnn_gantman_mobilenetv2,0.00912619661539793,SFW,189.65022500000828
/workspace/raw_data/sexy/15b0668c50ac151e4e7d92b7821bd1c9e23080e2359343a7eeb3b168b477e6a8.jpg,sexy,NSFW,cnn_gantman_mobilenetv2,0.9981071949005127,NSFW,178.8315999999952
/workspace/raw_data/hentai/35b1fa80f370a47adb1c8f9b8139f3959fb4a3604268ca4ed0e645e2a456ab97.jpg,hentai,NSFW,cnn_gantman_mobilenetv2,0.022707195952534676,SFW,176.9424370000081
/workspace/raw_data/porn/a03417bab8d21403fa60544d9e942307f758eed9c90ddccb19c598b79f1a6caf.jpg,porn,NSFW,cnn_gantman_mobilenetv2,0.9634256958961487,NSFW,155.20437800000764
/workspace/raw_data/sexy/86bb2134321008e422fce03c8f3df67cb6ef57e4898a74f2e397251d79dc1bfa.jpg,sexy,NSFW,cnn_gantman_mobilenetv2,0.9216914176940918,NSFW,157.39996600001405
/workspace/raw_data/hentai/c14436059de04cbde2f867601be05d4c1582664541240b664f490878d686c2be.jpg,hentai,NSFW,cnn_gantman_mobilenetv2,0.8172969818115234,NSFW,158.56616499999632
/workspace/raw_data/drawings/53b83e1383cb20a0bba1b4bfa4dcb73c953d4dde0c5b3513f19e35b57c9b10e1.jpg,drawings,SFW,cnn_gantman_mobilenetv2,0.7099454402923584,NSFW,165.86929100000702
/workspace/raw_data/porn/99683472615a18c48e77404bc78754b5b2228ba78dbe908d78a1b0dd6ac23821.jpg,porn,NSFW,cnn_gantman_mobilenetv2,0.9994074702262878,NSFW,170.31467000001044
/workspace/raw_data/porn/236a6a38aedea3e14e76228fe824515ce25ac0acd444def8fa7930f5533a87ee.jpg,porn,NSFW,cnn_gantman_mobilenetv2,0.9999924898147583,NSFW,167.1136970000191
/workspace/raw_data/porn/6bb65e8c3198f3748f2d54d5ae2b218447fe906d917cab15187f93e9a40dca1b.jpg,porn,NSFW,cnn_gantman_mobilenetv2,0.9986438751220703,NSFW,168.15818700001728
/workspace/raw_data/neutral/cb897d767d62783efc4d786c1bf2a668dbc24b098eefbd7b1fe02366e1556c69.jpg,neutral,SFW,cnn_gantman_mobilenetv2,0.06921947747468948,SFW,171.88650500000335
/workspace/raw_data/neutral/48a839f61e7b703255c01dc85a467c0ffd7e75b0f7d0c416b1e475766a473ea1.jpg,neutral,SFW,cnn_gantman_mobilenetv2,0.0005098250694572926,SFW,153.6320440000054
/workspace/raw_data/porn/54fd829763242388b0640323104a7b85c16db843975a1b53ee5f4dfdc1661664.jpg,porn,NSFW,cnn_gantman_mobilenetv2,0.9956438541412354,NSFW,158.18993300001694
/workspace/raw_data/sexy/76938595a88fa6d9d534c5028c61347b59a985f3efca6f95486a85c922d46218.jpg,sexy,NSFW,cnn_gantman_mobilenetv2,0.9999322891235352,NSFW,150.73459599997818
/workspace/raw_data/sexy/13bec47dbf1777c39d538a984255df1571bb832b4d950696101f9dd86e7aff00.jpg,sexy,NSFW,cnn_gantman_mobilenetv2,0.9998777508735657,NSFW,146.23381000001245
/workspace/raw_data/drawings/8bd1c3d8d5445e2ae46a211206975e6f130d0c13c8bc6bd232d88e96f8438925.jpg,drawings,SFW,cnn_gantman_mobilenetv2,0.0029351997654885054,SFW,146.66354799999226
/workspace/raw_data/neutral/05de8baae64da0cd2f69a5237ac423ff43c7f02d54b98b92f5a7b97b2565f194.jpg,neutral,SFW,cnn_gantman_mobilenetv2,0.00017329747788608074,SFW,158.87679200000093
/workspace/raw_data/sexy/3210df741005675a2c0c324d67bc9d0fda61dc3d3f5f1e97fbf50ed13a0867cf.jpg,sexy,NSFW,cnn_gantman_mobilenetv2,0.9999492764472961,NSFW,177.59099299999548
/workspace/raw_data/porn/ce03ccc70027ff92ba6cf267941115a5cc59f9afc83a87618f5d4cce48c40683.jpg,porn,NSFW,cnn_gantman_mobilenetv2,0.6905415058135986,NSFW,167.22830599999838
/workspace/raw_data/hentai/94302310_p1_master1200.jpg,hentai,NSFW,cnn_gantman_mobilenetv2,0.9992882013320923,NSFW,165.4341279999869
/workspace/raw_data/porn/553cb40e0ad459800d676e3d8e0438b7bd63380d8433aa84ac14432b969b6d89.jpg,porn,NSFW,cnn_gantman_mobilenetv2,0.9998436570167542,NSFW,181.59678899999676
/workspace/raw_data/drawings/8f787ff6959d70a65f1ca0c5e652ded90d749c304253a846e7cf82df2a9a092d.jpg,drawings,SFW,cnn_gantman_mobilenetv2,0.07365083694458008,SFW,165.56546299997876
/workspace/raw_data/neutral/3ea406be20b8f0152861056558952b23381086a2ddbccaf47a5d0768769c80ad.jpg,neutral,SFW,cnn_gantman_mobilenetv2,0.008543639443814754,SFW,169.0289279999888
/workspace/raw_data/porn/54ef196f4de251d17299402b88e91806748640ec2e5243ceff4d051972e42a31.jpg,porn,NSFW,cnn_gantman_mobilenetv2,0.9999889135360718,NSFW,156.83579599999575
/workspace/raw_data/sexy/c8acec4c2dcd4996dc2d7d33c1a7b082243a9dcf31ddd7f25d742c379979d686.jpg,sexy,NSFW,cnn_gantman_mobilenetv2,0.9999375939369202,NSFW,177.05244199999015
/workspace/raw_data/sexy/8e2982a73bb2af2c7217bb54d34f0a0e4fe3961c30d14af437d559b2903fc0fc.jpg,sexy,NSFW,cnn_gantman_mobilenetv2,0.999273955821991,NSFW,159.2051760000004
/workspace/raw_data/neutral/d6a038b295a737590afec4439a96d1cd43249e7bc6b8222741d59416221a0256.jpg,neutral,SFW,cnn_gantman_mobilenetv2,0.0023282626643776894,SFW,156.24564999998825
/workspace/raw_data/neutral/c1372d288a0c79a204d622535efebd3f4f142f3a115341d433dece3a36ecbe63.jpg,neutral,SFW,cnn_gantman_mobilenetv2,0.0007350666564889252,SFW,154.07588499999747
/workspace/raw_data/drawings/080a6b11763e81b9479919b815b71dd99885108d069ac0ee31aa8bc56e42ae6f.jpg,drawings,SFW,cnn_gantman_mobilenetv2,0.00010672345524653792,SFW,181.4368770000101
/workspace/raw_data/porn/2b5ff099c687387fa65d3105a538c8319b83134ac5bdc44ca95e90adb4df8a73.jpg,porn,NSFW,cnn_gantman_mobilenetv2,0.9953233003616333,NSFW,174.87357499999234
/workspace/raw_data/sexy/a8566898d929944436acdde2c8d222d91d05f2b00b4f363a225ded5a22ea2d2f.jpg,sexy,NSFW,cnn_gantman_mobilenetv2,0.9992630481719971,NSFW,179.67584199999465
/workspace/raw_data/sexy/92ab1f38bc725dc9f12714e9a4c73100d6270ac2a0735af1b22fbb2d376e5046.jpg,sexy,NSFW,cnn_gantman_mobilenetv2,0.9993387460708618,NSFW,170.94267499999205
/workspace/raw_data/neutral/448ba43cdc985a9a8f7c6df5c9f04a80ab0479c7be1cc6b79380bb409804a681.jpg,neutral,SFW,cnn_gantman_mobilenetv2,0.0040560560300946236,SFW,164.39607399999545
/workspace/raw_data/hentai/83921393_p1_master1200.jpg,hentai,NSFW,cnn_gantman_mobilenetv2,0.2645077407360077,SFW,163.71272200001385
/workspace/raw_data/hentai/76975594_p3_master1200.jpg,hentai,NSFW,cnn_gantman_mobilenetv2,0.3199411630630493,SFW,154.60212400000728
/workspace/raw_data/hentai/eac9a773c48380adde59a7587de8ac8e5ba493dff2dce510133ad6d27ac75979.jpg,hentai,NSFW,cnn_gantman_mobilenetv2,0.972106397151947,NSFW,170.76205999998706
/workspace/raw_data/porn/d96d73a1b96586bb9a15cd99ab105b65260110d1914efefa45881f0dfa545908.jpg,porn,NSFW,cnn_gantman_mobilenetv2,0.9885023832321167,NSFW,178.15532599999528
/workspace/raw_data/sexy/2b8bd080b04292c852b9bb5a16da2b54b7c9f00db1c294138cbd7d141d90d760.jpg,sexy,NSFW,cnn_gantman_mobilenetv2,0.9992275238037109,NSFW,154.71903299999212
/workspace/raw_data/neutral/e769845c19ed0ab09f18102dd8f7d558476a7b7f2b6e59afd31d3f1e7446e77c.jpg,neutral,SFW,cnn_gantman_mobilenetv2,1.6710067939129658e-05,SFW,176.90193000001386
/workspace/raw_data/sexy/29be9c19bc5c3aa8f93e3fb890bd7ca3628a372e20f03b84c49ffe450b41494c.jpg,sexy,NSFW,cnn_gantman_mobilenetv2,0.9992392063140869,NSFW,187.62795000000665
/workspace/raw_data/sexy/35b444cf7d5daf5ce52e1783bc6a66fdaaea049312625b181497603634ae501b.jpg,sexy,NSFW,cnn_gantman_mobilenetv2,0.9999328851699829,NSFW,164.3408690000001
/workspace/raw_data/porn/17260d49206e61a1660cb97a5ea1f303340c03b2b28c16f69a24bba1b4e24cf8.jpg,porn,NSFW,cnn_gantman_mobilenetv2,0.9985102415084839,NSFW,163.75032400000578
/workspace/raw_data/sexy/2eaeabb321f783d9ab28f8435d174356bcc08b73ed5bb8879683e44d7c9dccdc.jpg,sexy,NSFW,cnn_gantman_mobilenetv2,0.999925434589386,NSFW,155.94812699998784
/workspace/raw_data/porn/4982cc142c9c9646c3dd51c13cf747467379d9eda8abac22f33d231f960ff4b8.jpg,porn,NSFW,cnn_gantman_mobilenetv2,0.9989955425262451,NSFW,163.38459600001443
/workspace/raw_data/hentai/99254715_p1_master1200.jpg,hentai,NSFW,cnn_gantman_mobilenetv2,0.7209625244140625,NSFW,157.30593099999624
/workspace/raw_data/sexy/ea91e246752db484c226019cb4955d4f5a46b95224e2586477de45a7cb2c54e3.jpg,sexy,NSFW,cnn_gantman_mobilenetv2,0.9992238283157349,NSFW,161.96438800000124
/workspace/raw_data/neutral/be37c7518cc225fdd2e4e203f9bc59452a3e2a4715c9a865072bf70fa065326d.jpg,neutral,SFW,cnn_gantman_mobilenetv2,0.00072432158049196,SFW,172.37878399998863
/workspace/raw_data/hentai/82265692_p0_master1200.jpg,hentai,NSFW,cnn_gantman_mobilenetv2,0.04986715316772461,SFW,159.02486199999544
/workspace/raw_data/drawings/7d5622455159f6d0fc253a7e42eefc72f3ee010908dbdfa1f9674ca4880572a1.jpg,drawings,SFW,cnn_gantman_mobilenetv2,0.017968077212572098,SFW,179.51252999998246
/workspace/raw_data/porn/76e50b2028154ab78c3f350825514364f51e97133138bc6240f96bfef6bb11b9.jpg,porn,NSFW,cnn_gantman_mobilenetv2,0.9999321699142456,NSFW,156.19884700001307
/workspace/raw_data/neutral/46d2235357fd4abf3ce05bc4207571f7f1809a4794e2d9e0fb7ed1a2e30e81a2.jpg,neutral,SFW,cnn_gantman_mobilenetv2,0.0026897783391177654,SFW,162.09869800002252
/workspace/raw_data/drawings/08a299d872cba89faca6a62d9058fcc1710e95e36b1b1eed13a188c460573dac.jpg,drawings,SFW,cnn_gantman_mobilenetv2,0.0003718656371347606,SFW,158.41771600000243
/workspace/raw_data/drawings/3769ac6eb5028c8954c44e1dfac3c62df7100839228360d6629eb8fab7855a74.jpg,drawings,SFW,cnn_gantman_mobilenetv2,0.0023268512450158596,SFW,164.01584499999444
/workspace/raw_data/neutral/7a84d0cb7828a78d7c7be603348d3fe063b3661185907cebf4f5dead25f7738d.jpg,neutral,SFW,cnn_gantman_mobilenetv2,7.94166699051857e-05,SFW,166.93256700000347
/workspace/raw_data/hentai/5284372.jpg,hentai,NSFW,cnn_gantman_mobilenetv2,0.9917439818382263,NSFW,194.3483649999962
/workspace/raw_data/drawings/fb145ed323678de2da7d371be103177d1d6555449488059ad1d5c8f374488964.jpg,drawings,SFW,cnn_gantman_mobilenetv2,0.021619796752929688,SFW,171.80864100001259
/workspace/raw_data/neutral/87579a5434fb10b2902e153bc63425b475043d22ce5fd1c89974c93ef18e1efb.jpg,neutral,SFW,cnn_gantman_mobilenetv2,0.0651581734418869,SFW,160.3566649999948
/workspace/raw_data/hentai/c0caf0cae4256bb78f302dfe7883b49f2458a2ffc4dd8b57042402fe46607c1e.jpg,hentai,NSFW,cnn_gantman_mobilenetv2,0.9805954694747925,NSFW,165.38314899997886
/workspace/raw_data/sexy/5ef87a9af499a3c2f5eb34c0d687ef718bfac25a7d42118b3b01edcaf15cd46c.jpg,sexy,NSFW,cnn_gantman_mobilenetv2,0.9999278783798218,NSFW,170.59434800000872
/workspace/raw_data/sexy/2a5fc8f724ed3d5b764ac897fff8bceb810e3f045780a0a6e47e0bf73770f43f.jpg,sexy,NSFW,cnn_gantman_mobilenetv2,0.9992042183876038,NSFW,175.13106399999856
/workspace/raw_data/sexy/3b754b13089980a43b2bab36ae8720bacba05c005bb0ffce1e1f917c3ee82871.jpg,sexy,NSFW,cnn_gantman_mobilenetv2,0.9955886006355286,NSFW,152.81037799999808
/workspace/raw_data/neutral/3c5b6cd4972934b9f2ef0eaf671cde6f0ae28cb8c5d5b6b552f205a84c531ee0.jpg,neutral,SFW,cnn_gantman_mobilenetv2,0.006183087360113859,SFW,179.23758500000986
/workspace/raw_data/neutral/2050af5236d422b68ad0de2809b0693122b76a5c177fa5574e48f42a38c630a3.jpg,neutral,SFW,cnn_gantman_mobilenetv2,0.0011604470200836658,SFW,158.42542600000797
/workspace/raw_data/neutral/392d543255a27484d37c4f3fa0a8fd4a1d03a4377e492acb96ca9cbe2efe62d6.jpg,neutral,SFW,cnn_gantman_mobilenetv2,0.0015688344137743115,SFW,155.93502800001602
/workspace/raw_data/drawings/141e6b10adee90e1e0a2059aea7b5b2a0dc98d7c18b071b28e8febb3c5e09d1d.jpg,drawings,SFW,cnn_gantman_mobilenetv2,0.0011517881648615003,SFW,193.54632400001037
/workspace/raw_data/porn/747be83274ef036e73f589b7016e9e961aa1c384ad8ffeef87a9b838a0f5049f.jpg,porn,NSFW,cnn_gantman_mobilenetv2,0.9929167032241821,NSFW,166.16604300000404
/workspace/raw_data/neutral/f271b404e361ccf8e324d9ae15e39824c2f03c43a9121a87c1195f3b4fdf7208.jpg,neutral,SFW,cnn_gantman_mobilenetv2,0.099367156624794,SFW,170.62769899999353
/workspace/raw_data/neutral/c48944f6b0067bb6b3d3946b2a5d7d4bc1e306510420ded7018b6b0ff52eb03b.jpg,neutral,SFW,cnn_gantman_mobilenetv2,0.460063636302948,SFW,175.9993259999817
/workspace/raw_data/sexy/1af35d890321a2a864b2d0ebf91fc6c7611c797cd1c0ea6ce93d7a2b14b42ae2.jpg,sexy,NSFW,cnn_gantman_mobilenetv2,0.99997878074646,NSFW,163.4950300000071
/workspace/raw_data/drawings/11e1844a1709626cbfea107824147318681bcabf9e50edeaebbca180cceb430e.jpg,drawings,SFW,cnn_gantman_mobilenetv2,0.0035471413284540176,SFW,174.94814299999462
/workspace/raw_data/drawings/3d8e0bdc0e450c5768c8cf9c966e03243d3ac3131096773e71122b4a0773d0a7.jpg,drawings,SFW,cnn_gantman_mobilenetv2,0.013481291942298412,SFW,168.4866280000108
/workspace/raw_data/sexy/18894a770defbd6a4783015608719c8fc790b2d0283ad1607e541837c93ae4e3.jpg,sexy,NSFW,cnn_gantman_mobilenetv2,0.9206722378730774,NSFW,181.06582999999432
/workspace/raw_data/drawings/d727400b85fe67d03f6b7ae26f86c8013d656a760ec5e0b3b10df659caf2f8ca.jpg,drawings,SFW,cnn_gantman_mobilenetv2,0.0038808658719062805,SFW,162.30483499998627
/workspace/raw_data/porn/8fead91f1b6233104283c06ca7e036cbff66848eea0de7d67fdcbf9c7053cb63.jpg,porn,NSFW,cnn_gantman_mobilenetv2,0.9980960488319397,NSFW,148.97627299998817
/workspace/raw_data/neutral/2dbb64ddfea8dbf6ed97febde2e89d4c76f5beca37fd09616882005fd7bfa476.jpg,neutral,SFW,cnn_gantman_mobilenetv2,0.08759411424398422,SFW,163.03079299999013
/workspace/raw_data/drawings/77e14d603feb6c5e20b4f1c6c63e9f9acb49dc745c6c26653edecf84d49e5bec.jpg,drawings,SFW,cnn_gantman_mobilenetv2,0.011046146042644978,SFW,147.87688499998808
/workspace/raw_data/neutral/80f144afe28387d013dc4c635b3f07a3f7825a53bcc29bed1a41088ded3405f5.jpg,neutral,SFW,cnn_gantman_mobilenetv2,0.049923595041036606,SFW,156.86720099998297
/workspace/raw_data/porn/87877cfc07341bef620c634383903aee84790e4a41790c6c2db610c5ad8f73c4.jpg,porn,NSFW,cnn_gantman_mobilenetv2,0.9999999403953552,NSFW,164.88484100000278
/workspace/raw_data/neutral/e4eb0e4a240e7496ced2498a467edbc0b8de417cb5e2de2adf96d74976643fa5.jpg,neutral,SFW,cnn_gantman_mobilenetv2,0.0011939925607293844,SFW,170.5083889999912
/workspace/raw_data/drawings/99cdc3b5169b6c90ba50323c20bd795a9ff0903885f22dbb8ba121f6191aabbb.jpg,drawings,SFW,cnn_gantman_mobilenetv2,0.0003159562184009701,SFW,177.22272399998928
/workspace/raw_data/drawings/533b040856849af2137cbf9c579968a07acaad1df9879988f899149ffd30e5d9.jpg,drawings,SFW,cnn_gantman_mobilenetv2,0.1367407590150833,SFW,153.8228590000017
/workspace/raw_data/drawings/6e9682d42cf82cbe0e6d4a0b131c32eaa97fa0ed58065f92af699ac21701e570.jpg,drawings,SFW,cnn_gantman_mobilenetv2,0.01174930203706026,SFW,161.10463900000127
/workspace/raw_data/porn/6aba7cc8e4f091e6aeeb9c9a79de87ff19e7351e77b962586c297d09d1100d8c.jpg,porn,NSFW,cnn_gantman_mobilenetv2,0.6053986549377441,NSFW,152.9061859999956
/workspace/raw_data/neutral/4125348dab34372e24b167890f6cd99efb66f69619a8b652243ccd9a793b59c1.jpg,neutral,SFW,cnn_gantman_mobilenetv2,0.009898403659462929,SFW,171.70778499999528
/workspace/raw_data/neutral/048e422e82b2a14966d5a2073b366b1ff0ebfcf932ccb47f1356744ed8608474.jpg,neutral,SFW,cnn_gantman_mobilenetv2,8.926947339205071e-05,SFW,171.09293500001854
/workspace/raw_data/neutral/f6a62fec77634667299fb1ad6a4d1dac6728a666ac466ced4ca87710055cc020.jpg,neutral,SFW,cnn_gantman_mobilenetv2,0.015648214146494865,SFW,164.8600389999899
/workspace/raw_data/drawings/5491de01310fd445c499344aa6a46f2e891a4e088e4274d5f2a0964211c9d80a.jpg,drawings,SFW,cnn_gantman_mobilenetv2,0.2632284164428711,SFW,154.97195000000374
/workspace/raw_data/neutral/0faaebdad1b7a0e69d6052c55da9a766b761956f5f283d756ecf1ffb935cf551.jpg,neutral,SFW,cnn_gantman_mobilenetv2,0.007221439853310585,SFW,154.95314899999357
/workspace/raw_data/drawings/924d17ef16ab83f7bff839ec5b7a4a4a18558664de06e7d38631b8d44e3d1fea.jpg,drawings,SFW,cnn_gantman_mobilenetv2,0.027626508846879005,SFW,162.02571300001978
/workspace/raw_data/porn/7032d24633b2e5c8be4aec4d0302cdea8b864176cdd4df899f74ec217a3a4499.jpg,porn,NSFW,cnn_gantman_mobilenetv2,0.9999980926513672,NSFW,170.33657499999322
/workspace/raw_data/hentai/6ea0cd50897cd69a898e06f32bb1c653eda0e2b5c3b4f55edb0545e91bc2b608.jpg,hentai,NSFW,cnn_gantman_mobilenetv2,0.9655501842498779,NSFW,171.1069370000189
/workspace/raw_data/drawings/5d5b51205125c035cdfa0ac4b8f90bb2835826fa39976ba19452d50827a99460.jpg,drawings,SFW,cnn_gantman_mobilenetv2,0.014216174371540546,SFW,153.17700800000011
/workspace/raw_data/hentai/439400.jpg,hentai,NSFW,cnn_gantman_mobilenetv2,0.8770053386688232,NSFW,154.0252750000093
/workspace/raw_data/porn/d56faeaba49bd2b4b9c058675400c0b545c862b2386d867a1783491aedf60345.jpg,porn,NSFW,cnn_gantman_mobilenetv2,0.9996541142463684,NSFW,190.6726949999893
/workspace/raw_data/hentai/80750471_p0_master1200.jpg,hentai,NSFW,cnn_gantman_mobilenetv2,0.46412813663482666,SFW,186.1581360000173
/workspace/raw_data/drawings/223be8eaa3eb8f2326eb9d1f26c9564349c380fd469cb915c89f975e2c4c6d99.jpg,drawings,SFW,cnn_gantman_mobilenetv2,0.0002155104448320344,SFW,162.77607200001398
/workspace/raw_data/porn/ea570557582968474d4f476e81b942bd841195d6462291d82bfe40c825260576.jpg,porn,NSFW,cnn_gantman_mobilenetv2,0.9999909996986389,NSFW,181.29214800001137
/workspace/raw_data/hentai/2659422.jpg,hentai,NSFW,cnn_gantman_mobilenetv2,0.9817493557929993,NSFW,172.51324800000134
/workspace/raw_data/porn/7be331a6434a5bad6475bb026c0798f3c9bff77278fae880e6228e0035ba3170.jpg,porn,NSFW,cnn_gantman_mobilenetv2,0.8190922737121582,NSFW,165.23306799999204
/workspace/raw_data/neutral/450b4ca55c88c0e0655ddcbc866eba7ff60ac87b788d475501105f155dc4d9fa.jpg,neutral,SFW,cnn_gantman_mobilenetv2,0.00076522451126948,SFW,164.76464900000565
/workspace/raw_data/sexy/19fb181bb91e0531ad0bce79b1769a8a81e86a35e04cedd5b0a8aa037f542a7f.jpg,sexy,NSFW,cnn_gantman_mobilenetv2,0.9990423321723938,NSFW,186.03084399998693
/workspace/raw_data/sexy/5dd67c19fe7bfa6bcac1733ee68336d0eeff1d358c10f2f1b588814eba382df2.jpg,sexy,NSFW,cnn_gantman_mobilenetv2,0.9989055395126343,NSFW,168.150087999976
/workspace/raw_data/sexy/e5a9ab6aa57f343b81bbc109b2f75965bce036cd1063c54cfdb78cdcedae2d43.jpg,sexy,NSFW,cnn_gantman_mobilenetv2,0.9969754815101624,NSFW,159.69440000000645
/workspace/raw_data/sexy/29fdfdc7106cf8ced330ac953f08fb9818bf1a731505a8172e58869f0a2bcfa2.jpg,sexy,NSFW,cnn_gantman_mobilenetv2,0.9999533891677856,NSFW,160.5085660000043
/workspace/raw_data/neutral/855ff9a198eb16d55c804545ae485c63a76eb9bd47b9a2992517b22c6cdd74ab.jpg,neutral,SFW,cnn_gantman_mobilenetv2,0.04845447093248367,SFW,145.16771699999254
/workspace/raw_data/hentai/556adc829350787b2fc98347bc821a9818ff6548298fb37a2032a6de02fd1ae6.jpg,hentai,NSFW,cnn_gantman_mobilenetv2,0.999866247177124,NSFW,169.1337679999947
/workspace/raw_data/neutral/2e85171a593464081689daa689ab099ed09ee2b154c0ec7f22db1e108c0b78b7.jpg,neutral,SFW,cnn_gantman_mobilenetv2,0.2471274733543396,SFW,175.98672599999077
/workspace/raw_data/sexy/69cb544ff2456e67bd60884ee9ed1c3da64bd6f909fcc29a7f3e56ed0c94578c.jpg,sexy,NSFW,cnn_gantman_mobilenetv2,0.999735951423645,NSFW,154.09334399998897
/workspace/raw_data/porn/d2458a1d82cc458d7e30775f83643a6d07813d921a109ac96cca5e1bf2a7ca77.jpg,porn,NSFW,cnn_gantman_mobilenetv2,0.9999176859855652,NSFW,165.96511100001976
/workspace/raw_data/porn/a78d5d26f720f10bd300a40c19e5e2de680b6b07cfa61309ce21cbd9064409e9.jpg,porn,NSFW,cnn_gantman_mobilenetv2,0.9998946189880371,NSFW,153.92413000000715
/workspace/raw_data/hentai/56ab2935159470915a00be7d2e8a458a552128be8f063f7a0a68a0f083be38fa.jpg,hentai,NSFW,cnn_gantman_mobilenetv2,0.1304442286491394,SFW,190.3102920000208
/workspace/raw_data/porn/10f6db73454b7650393ce92503b3efa155637af725490f62ee5e2568149de79d.jpg,porn,NSFW,cnn_gantman_mobilenetv2,0.9984827041625977,NSFW,151.1115010000026
/workspace/raw_data/sexy/d2e65ec6afdba0113b57453bc324f8ce2ce54b21f823fb1f3245ff6072d67302.jpg,sexy,NSFW,cnn_gantman_mobilenetv2,0.9981210827827454,NSFW,166.398044999994
/workspace/raw_data/neutral/8f6aa8b3064d9268b801e85b7b0f5273788546708ec3266d2342aeb1e6227e3f.jpg,neutral,SFW,cnn_gantman_mobilenetv2,0.008061330765485764,SFW,162.09919599998557
/workspace/raw_data/hentai/da8912430933e55483f79c8e26dbc22a3ccb5189c1bac5e775fe7b2a0241c761.jpg,hentai,NSFW,cnn_gantman_mobilenetv2,0.9995895028114319,NSFW,161.67356100001484
/workspace/raw_data/porn/e856a9efb3644698d8d0737379d2bb0461db0eeb5e746d8dde17f126a1c97d63.jpg,porn,NSFW,cnn_gantman_mobilenetv2,0.5251302719116211,NSFW,151.74365300001114
/workspace/raw_data/drawings/9815d986699ca7588af4ee9bebbde0378bc735fcc6aa36c5e5e495685b06bda5.jpg,drawings,SFW,cnn_gantman_mobilenetv2,0.01395057886838913,SFW,152.2518939999884
/workspace/raw_data/sexy/b19e5a02b2b2e2215352fef8d56fe12c7ae548b9f6ce5b0c5044ea434a5b81f6.jpg,sexy,NSFW,cnn_gantman_mobilenetv2,0.9941980838775635,NSFW,161.3752359999978
/workspace/raw_data/neutral/e2b4c59dedb7f362308127ffd03f7188a6038a9aa9ed6d7656d54348d4b78b5a.jpg,neutral,SFW,cnn_gantman_mobilenetv2,0.003299349220469594,SFW,179.7971359999906
/workspace/raw_data/sexy/f165f947d7a66428144b83243560ec8fad00e3d716f1f292a5a241fa04b4ae58.jpg,sexy,NSFW,cnn_gantman_mobilenetv2,0.995892345905304,NSFW,156.65725299999167
/workspace/raw_data/neutral/f545a612929a3592b31b58126b17a26243692eb054eef6aec08f48e1d8669127.jpg,neutral,SFW,cnn_gantman_mobilenetv2,0.06377952545881271,SFW,160.33565199998634
/workspace/raw_data/sexy/1aa2735389bf06fbc93ecec5a58ee80593cb740506a01ac421659e3c7e2dc5cc.jpg,sexy,NSFW,cnn_gantman_mobilenetv2,0.9795717000961304,NSFW,163.61401800000408
/workspace/raw_data/sexy/fdb78837d91dd12ac415dc75a374c0efc87611a400b887bc583d6823ce0a333f.jpg,sexy,NSFW,cnn_gantman_mobilenetv2,0.9978064894676208,NSFW,163.76313099999606
/workspace/raw_data/drawings/673271e594f8e03700aab5b190add721bf8c54d073096234a526dcd562405cea.jpg,drawings,SFW,cnn_gantman_mobilenetv2,0.009032207541167736,SFW,163.56171500001437
/workspace/raw_data/sexy/bb2b0a1a3b22997c85c2d38c812e4c1290dc7e6933b550cd059d2063a35a99f0.jpg,sexy,NSFW,cnn_gantman_mobilenetv2,0.9922484159469604,NSFW,167.51583600000686
/workspace/raw_data/neutral/ed02068528722068bed961dbde3d0bd02839a6f7acc451d11fbd0d62a2c546ec.jpg,neutral,SFW,cnn_gantman_mobilenetv2,0.17684867978096008,SFW,176.2352460000045
/workspace/raw_data/neutral/6e536107bbbc522d2c050936bc9dc61295a6e0f0c648c14b0c8a83e6b4900d01.jpg,neutral,SFW,cnn_gantman_mobilenetv2,0.0009420232381671667,SFW,172.5841490000164
/workspace/raw_data/sexy/c7d5ac6505ca8e9034b31b6fee7e43bb0de211fe832177e5a90e49316b4d5aaf.jpg,sexy,NSFW,cnn_gantman_mobilenetv2,0.9695189595222473,NSFW,160.30594900001915
/workspace/raw_data/drawings/935648df309fe16f335d23aeab3a0b8a9d334d809799f17dad06d754a5458f30.jpg,drawings,SFW,cnn_gantman_mobilenetv2,0.015112403780221939,SFW,175.62199600001804
/workspace/raw_data/drawings/ec0535ff59ab59140f980991f17e7df8155d1cb297310b938ea62a86f928db8a.jpg,drawings,SFW,cnn_gantman_mobilenetv2,0.18710289895534515,SFW,155.2506380000125
/workspace/raw_data/hentai/91904732_p0_master1200.jpg,hentai,NSFW,cnn_gantman_mobilenetv2,0.999667763710022,NSFW,165.2364509999984
/workspace/raw_data/porn/c6d3af878de4f54b211977af78464ff28a64a71d73f29106d1577ffe1a56d0c4.jpg,porn,NSFW,cnn_gantman_mobilenetv2,0.9911483526229858,NSFW,161.50284699997997
/workspace/raw_data/porn/91acb5a85667f0ef6864a1a33a266fa392af65212d3f177243cda7e376f59908.jpg,porn,NSFW,cnn_gantman_mobilenetv2,0.9987555742263794,NSFW,154.3562649999899
/workspace/raw_data/porn/1da4746e27099111bce9a56d30f767bbfedd02c457a1a455fe271976b9881cf3.jpg,porn,NSFW,cnn_gantman_mobilenetv2,0.999138355255127,NSFW,159.57868999998936
/workspace/raw_data/sexy/2d4c405c31ffc23d3fd5e6a41c2900ca0126299df4a7aabb84534d83024efcda.jpg,sexy,NSFW,cnn_gantman_mobilenetv2,0.9999269247055054,NSFW,182.96959500000298
/workspace/raw_data/sexy/947301a427489d773ad08e7f221e84ba90a4d8662c3a1bfe962e2f25d980ea8b.jpg,sexy,NSFW,cnn_gantman_mobilenetv2,0.9986249208450317,NSFW,167.6750499999855
/workspace/raw_data/sexy/de6add97de53ee95fccf7dec125b71933c28774420d9a4ef1c14c0a34b5ff693.jpg,sexy,NSFW,cnn_gantman_mobilenetv2,0.8695739507675171,NSFW,163.07837499999778
/workspace/raw_data/drawings/3ec75295b6e26dcb8481c203085e247fa2114b94b38cb13f4ca674747c35b0d4.jpg,drawings,SFW,cnn_gantman_mobilenetv2,0.022850247099995613,SFW,161.5306500000031
/workspace/raw_data/neutral/393283b150ec69cce73a6ba559094fdbc778fca56dd75533ba37664d5f7ff6ad.jpg,neutral,SFW,cnn_gantman_mobilenetv2,0.1195971667766571,SFW,164.17606400000295
/workspace/raw_data/porn/719c97ddc5aff9a2a0eab048f609715cf94fc820c0f4df57682aa88c29484a78.jpg,porn,NSFW,cnn_gantman_mobilenetv2,0.9918147921562195,NSFW,153.69312400000013
/workspace/raw_data/neutral/6d40eb53704295bf530f05f5862fa6c0be811ac0b1f89db2e38bc7beb2a93a68.jpg,neutral,SFW,cnn_gantman_mobilenetv2,0.003256786148995161,SFW,185.8693570000014
/workspace/raw_data/sexy/9a2e359ef9a0232b5157138791114e2b3f66e93d31ff9d5955673643269758a7.jpg,sexy,NSFW,cnn_gantman_mobilenetv2,0.9999982118606567,NSFW,175.01067199998488
/workspace/raw_data/hentai/93250783_p1_master1200.jpg,hentai,NSFW,cnn_gantman_mobilenetv2,0.971790075302124,NSFW,168.98797999999715
/workspace/raw_data/neutral/834cc2870b3ee754c551fed59fd698c976cc03101f745e8ea7b0e6995ebe1a14.jpg,neutral,SFW,cnn_gantman_mobilenetv2,0.005803569220006466,SFW,165.06656100000328
/workspace/raw_data/hentai/b3e4d24a195f345097933a7d671dd53d41bae1def327a05b2a678e20db7a186e.jpg,hentai,NSFW,cnn_gantman_mobilenetv2,0.9958710670471191,NSFW,156.3218480000046
/workspace/raw_data/drawings/77f289354e47ed8049bbc79fc66c1339e7e4310c05cc47d348d0bbfadf37cdf8.jpg,drawings,SFW,cnn_gantman_mobilenetv2,0.0029709883965551853,SFW,162.6312620000192
/workspace/raw_data/neutral/3e6ae4b7bcb1c8206e547fb8bb9ade6bc582ad526ad4290d24efee6a3be9b5eb.jpg,neutral,SFW,cnn_gantman_mobilenetv2,0.007535171695053577,SFW,162.51465299998813
/workspace/raw_data/hentai/611620.jpg,hentai,NSFW,cnn_gantman_mobilenetv2,0.6893750429153442,NSFW,154.94313499999635
/workspace/raw_data/hentai/7a8f115ec5158e88f5e6a53868fbabecec46754c1f87cfab7dde89300effff4c.jpg,hentai,NSFW,cnn_gantman_mobilenetv2,0.9331421256065369,NSFW,165.15806800001087
/workspace/raw_data/drawings/4c0abf2f5a3b48b57af18876165da5e36beedc1edf1a42a82dfc8c8293ee4b23.jpg,drawings,SFW,cnn_gantman_mobilenetv2,0.13688571751117706,SFW,159.26528800000028
/workspace/raw_data/hentai/e211f23514c566093c735693526297cab6ec019870a165970abd09b33633192d.jpg,hentai,NSFW,cnn_gantman_mobilenetv2,0.49327218532562256,SFW,155.52258299999266
/workspace/raw_data/hentai/1240181.jpg,hentai,NSFW,cnn_gantman_mobilenetv2,0.9968414902687073,NSFW,145.1653379999982
/workspace/raw_data/neutral/50e7d0824e908ca8a942f32fa439291bfdf256e69a34fc1fc245e1a8d8dbf0b0.jpg,neutral,SFW,cnn_gantman_mobilenetv2,0.0008248565136454999,SFW,160.0026479999883
/workspace/raw_data/neutral/8d9210720d23ddc10362302ad0505fd3d1a2bcbc8c88a2f92a7b020dbc38f0f7.jpg,neutral,SFW,cnn_gantman_mobilenetv2,0.015226741321384907,SFW,167.89449199998785
/workspace/raw_data/drawings/f63c830c3c61d1582ec4aec8369f31f430c3da38790b31805fb31fbba3d1b1c3.jpg,drawings,SFW,cnn_gantman_mobilenetv2,0.14705415070056915,SFW,157.64245600001914
/workspace/raw_data/hentai/95027949_p0_master1200.jpg,hentai,NSFW,cnn_gantman_mobilenetv2,0.9992891550064087,NSFW,159.1706810000062
/workspace/raw_data/porn/7528cbbc76c73fd6b68f1bd2a3cb02704110714d3e16c191e661b2fcc88a59f7.jpg,porn,NSFW,cnn_gantman_mobilenetv2,0.11152929812669754,SFW,152.89876900001786
/workspace/raw_data/hentai/2799548.jpg,hentai,NSFW,cnn_gantman_mobilenetv2,0.9939186573028564,NSFW,167.0322219999889
/workspace/raw_data/drawings/b30faa800bed4f6d0a8dbd731de23bb0561401ea64071ad061c9b0d6120a10de.jpg,drawings,SFW,cnn_gantman_mobilenetv2,0.4726701080799103,SFW,148.563514999978
/workspace/raw_data/neutral/6d4b1afa68e9492d720323cf6d6f92ddc1ec4f60e1a56d2a83e1dce0e71e988a.jpg,neutral,SFW,cnn_gantman_mobilenetv2,3.2978784929582616e-06,SFW,153.85934700000803
/workspace/raw_data/neutral/173674a6137545cefe1fa927b9b3a2c809bad2e5c0e486ed29efc1255ba2898d.jpg,neutral,SFW,cnn_gantman_mobilenetv2,0.002149184001609683,SFW,168.4797390000199
/workspace/raw_data/hentai/3c8b8af53aba9ff90899a03e6c66a415fac98d9f37c9cf56e6a6fab1a1184022.jpg,hentai,NSFW,cnn_gantman_mobilenetv2,0.9971477389335632,NSFW,157.43583799999783
/workspace/raw_data/hentai/821230c381de60af561bb46417c0bc3547ba0937aeef177ec0dbc09770043130.jpg,hentai,NSFW,cnn_gantman_mobilenetv2,0.9915724396705627,NSFW,173.53155200001424
/workspace/raw_data/hentai/3a0bff306197030034c546dd16124c611394fa16a6dcc11693068757deccede0.jpg,hentai,NSFW,cnn_gantman_mobilenetv2,0.3014107346534729,SFW,152.66444900001375
/workspace/raw_data/porn/837cfaffc062d999450ca1ffc3a713f11f06cbf37f76a73618d0c7bc168b1d68.jpg,porn,NSFW,cnn_gantman_mobilenetv2,0.9285715222358704,NSFW,183.79418800000735
/workspace/raw_data/neutral/8c2bbea8ea378842fd4f99f7e9f484b9404904aa961caad692b792b4b63ce05f.jpg,neutral,SFW,cnn_gantman_mobilenetv2,0.00012630337732844055,SFW,151.85928400001103
/workspace/raw_data/neutral/d34b8f2d20ec8a34504a049f15cc46549af6365d8ab020e07eda6287a8a6b59c.jpg,neutral,SFW,cnn_gantman_mobilenetv2,0.000610942195635289,SFW,160.46378499999037
/workspace/raw_data/porn/2fa8df5ea7065e595cc6316948d24481af9d0901807a10a7cd1531ae41c8055a.jpg,porn,NSFW,cnn_gantman_mobilenetv2,0.9951222538948059,NSFW,173.82367499999418
/workspace/raw_data/porn/9f92fb11b9d2fe13b268c5775c63496177f7db8aa475bc1380260300024171df.jpg,porn,NSFW,cnn_gantman_mobilenetv2,0.9998000264167786,NSFW,161.58247699999606
/workspace/raw_data/sexy/7e363c6add681440ddd1e15d65c7920c0d2f6d0e30069a73289f4a584dd68afd.jpg,sexy,NSFW,cnn_gantman_mobilenetv2,0.9998893737792969,NSFW,165.68511200000557
/workspace/raw_data/drawings/1435cdb912446c21704046edb2915f177b944267450825ce16c8d33ab8691cae.jpg,drawings,SFW,cnn_gantman_mobilenetv2,0.7738865613937378,NSFW,175.55171600000108
/workspace/raw_data/porn/9d3c4e21212325638b8b7727aa4c1dc0fe6ab2f91b7b2d82dfd1e51745d14b8f.jpg,porn,NSFW,cnn_gantman_mobilenetv2,0.999967098236084,NSFW,178.2583369999884
/workspace/raw_data/drawings/8d685a209c62c96cc91f87fc8e2e94536c9827640fa761cab755adbd7c558246.jpg,drawings,SFW,cnn_gantman_mobilenetv2,0.2619541883468628,SFW,174.56403500000306
/workspace/raw_data/drawings/28d0a99992910eccae7ab3ac3db4340f28856b8421349195543e241d861e1a0f.jpg,drawings,SFW,cnn_gantman_mobilenetv2,0.004491265397518873,SFW,153.84314499999618
/workspace/raw_data/hentai/1624758.jpg,hentai,NSFW,cnn_gantman_mobilenetv2,0.9964507818222046,NSFW,163.4774309999898
/workspace/raw_data/hentai/1179343.jpg,hentai,NSFW,cnn_gantman_mobilenetv2,0.32756319642066956,SFW,184.65945900001657
/workspace/raw_data/drawings/7e7c1d9929bf2c50713a5f5e8d57a367aa70455d385702dbcd41d4bd0e082d23.jpg,drawings,SFW,cnn_gantman_mobilenetv2,0.00033912446815520525,SFW,162.8379789999883
/workspace/raw_data/neutral/d0d65a0d59a0a544ce3149975d4fbf44b75308f523cf1b7f0d15a7f1c245e4b9.jpg,neutral,SFW,cnn_gantman_mobilenetv2,0.007839870639145374,SFW,175.05197500000236
/workspace/raw_data/drawings/1863740322138b86eaac12bcd042fb86ee6b3c770901c7f59c8b64fd1366bf04.jpg,drawings,SFW,cnn_gantman_mobilenetv2,0.031765762716531754,SFW,174.20600599999148
/workspace/raw_data/neutral/f3fd32aa641dc7e80f3a1def68004031c804ade60ab9b318b0d8c03a63e10d12.jpg,neutral,SFW,cnn_gantman_mobilenetv2,1.4479588571703061e-05,SFW,165.77982199999042
/workspace/raw_data/drawings/931bf9785d1db5fdce60993990d9762543c920e30a750e2341e2b073c6b3ec76.jpg,drawings,SFW,cnn_gantman_mobilenetv2,0.0015455895336344838,SFW,154.78648100000214
/workspace/raw_data/sexy/96a0c00bfce7169f9dcc52ad9e3d1bbb4cae201c53125c941b372ef4c6e7bc8c.jpg,sexy,NSFW,cnn_gantman_mobilenetv2,0.9998265504837036,NSFW,152.59710600000176
/workspace/raw_data/sexy/d1f67ab3830a464ed1fa579b97dcd6fe5610d431f31d9c44510830020236ef60.jpg,sexy,NSFW,cnn_gantman_mobilenetv2,0.9608104228973389,NSFW,151.7499379999947
/workspace/raw_data/neutral/67831333eca6567b0981045f4034bb84def09b945cf8c3e9a1955c69a6532802.jpg,neutral,SFW,cnn_gantman_mobilenetv2,0.07817868888378143,SFW,162.4691949999999
/workspace/raw_data/drawings/e0112a45a1f8c4ddce7ac3a712e743c33c6bd86a252a7c0e455f0122ff226892.jpg,drawings,SFW,cnn_gantman_mobilenetv2,0.008903684094548225,SFW,194.08812399998965
/workspace/raw_data/drawings/666acb30080ad5218490364a6154adf558e8556e855f6b8d004d5605ca4d81d0.jpg,drawings,SFW,cnn_gantman_mobilenetv2,0.15699981153011322,SFW,171.36630600001013
/workspace/raw_data/sexy/a051ae1257ab96627acd134543663d6fd71b91e298166b9fe9a11973ece350b7.jpg,sexy,NSFW,cnn_gantman_mobilenetv2,0.9994256496429443,NSFW,164.09842500002014
/workspace/raw_data/hentai/fc15d5b496a994ab47aad72c18aefbafcca9707f939383b5985a58c681a5e32c.jpg,hentai,NSFW,cnn_gantman_mobilenetv2,0.4527452290058136,SFW,162.590004000009
/workspace/raw_data/porn/a82cb0ddf649b7fd682f1a3f1b1537003f2380a306ef718a91dea319e2a237ec.jpg,porn,NSFW,cnn_gantman_mobilenetv2,0.7970108985900879,NSFW,170.85506600000144
/workspace/raw_data/neutral/80d6c5233c870eabe0415cc84485c8db086b7c718a8a867d81c0dd155a20c2c9.jpg,neutral,SFW,cnn_gantman_mobilenetv2,0.00018922786694020033,SFW,152.95963399998413
/workspace/raw_data/drawings/2ab8d99a7cd8be71beab9bf8213be1e5d2a6080970d3094857fc2d36bf24be11.jpg,drawings,SFW,cnn_gantman_mobilenetv2,0.0036786599084734917,SFW,157.15807000000837
/workspace/raw_data/hentai/9695977bb14dd89bb4b011b2a4f848414677be4e2d4727c8899c12252a9b334b.jpg,hentai,NSFW,cnn_gantman_mobilenetv2,0.9646185636520386,NSFW,154.33634400000074
/workspace/raw_data/hentai/ad640f18a1442e6a3b3643303e1822d6e43ade4587ec3f082260e4a5e693245f.jpg,hentai,NSFW,cnn_gantman_mobilenetv2,0.9724974036216736,NSFW,163.67779200001564
/workspace/raw_data/neutral/e8dfe0068fb0075ca67743667a7e79b6b1b32cc34ecce4388434527798f9c627.jpg,neutral,SFW,cnn_gantman_mobilenetv2,0.04615660384297371,SFW,153.36526699999808
/workspace/raw_data/hentai/313889.jpg,hentai,NSFW,cnn_gantman_mobilenetv2,0.9910057187080383,NSFW,170.10680600000683
/workspace/raw_data/sexy/7f92d8acf5c49c56f00d75568f8ba9ede440a54b6c24b0785d0d72d22e83c2d3.jpg,sexy,NSFW,cnn_gantman_mobilenetv2,0.9999653697013855,NSFW,151.99115699999766
/workspace/raw_data/neutral/dd4e102a0cc82355be7317d8f590933c637739dc97b3d9158375f5e26a766ccd.jpg,neutral,SFW,cnn_gantman_mobilenetv2,0.02588689513504505,SFW,180.06920299998797
/workspace/raw_data/hentai/9e5db5096c163e5756e762f3f95bad1f8e994f03f94cd79c1fb37591a80a0780.jpg,hentai,NSFW,cnn_gantman_mobilenetv2,0.9503312706947327,NSFW,162.46839400000113
/workspace/raw_data/sexy/aec5abea6617df5cd1fdff3f61beb51b5abe6e231deb7013b34a9c79fd0fdd74.jpg,sexy,NSFW,cnn_gantman_mobilenetv2,0.9995256066322327,NSFW,182.1194670000068
/workspace/raw_data/sexy/444e4dec6fed12259ca4ba51bd93a912fd0a5f34afb35c9bd7d113107b4bdb77.jpg,sexy,NSFW,cnn_gantman_mobilenetv2,0.9994600415229797,NSFW,171.6818319999902
/workspace/raw_data/drawings/48917552c36fb97fbdd87c44e54562535200288acbffe3e0bbb113c0e05dc917.jpg,drawings,SFW,cnn_gantman_mobilenetv2,0.0014104840811342,SFW,177.53519999999412
/workspace/raw_data/drawings/c2fcd390190f96ff0f5d98fd7f036c96537e2ea77a8960232905c39bfcbe35be.jpg,drawings,SFW,cnn_gantman_mobilenetv2,0.018149252980947495,SFW,164.48685599999635
/workspace/raw_data/hentai/94945957_p0_master1200.jpg,hentai,NSFW,cnn_gantman_mobilenetv2,0.3063015043735504,SFW,168.61658700000248
/workspace/raw_data/sexy/d2616c8b9e08a2b0ad4a925eb74330ce084fe0f16bbfea50893797780d1b7341.jpg,sexy,NSFW,cnn_gantman_mobilenetv2,0.9984750151634216,NSFW,176.15058900000236
/workspace/raw_data/porn/9f5e45cfdff1ffd88e2f140166c0d3e5157331a4d38160831492ead2fb9d8e22.jpg,porn,NSFW,cnn_gantman_mobilenetv2,0.9999983310699463,NSFW,159.28253999999242
/workspace/raw_data/neutral/c09bc21f3965a7abeeee0cb321dca4c9ff5b98c5785a0170855462677ff7e2a9.jpg,neutral,SFW,cnn_gantman_mobilenetv2,0.11199719458818436,SFW,154.0582220000033
/workspace/raw_data/drawings/c6e5a20d58fd520f079725dae2e24f9e07c037f140c30cde43a483ad5d02acca.jpg,drawings,SFW,cnn_gantman_mobilenetv2,0.012224694713950157,SFW,163.29606100001115
/workspace/raw_data/porn/4ff53c96950e871a171dd861d48bd97867d2c50c184fd2c7049ea13641e4f7de.jpg,porn,NSFW,cnn_gantman_mobilenetv2,0.9999637007713318,NSFW,184.85388499999544
/workspace/raw_data/sexy/6bfda7bd5dbf41b52566acf30802c9653ee5385274edc1437eb6dc19b3eae9fd.jpg,sexy,NSFW,cnn_gantman_mobilenetv2,0.9989562630653381,NSFW,171.0138790000144
/workspace/raw_data/neutral/b0d81e7e31ebdab3da2b1ff0f3aa4a1a37deded6704a50e73f07bce390946889.jpg,neutral,SFW,cnn_gantman_mobilenetv2,0.0013648038730025291,SFW,173.5220790000085
/workspace/raw_data/neutral/14c7d992e36a1567eafe0f915b539863e533e2e3c2d4b1e82b7558d792e40d46.jpg,neutral,SFW,cnn_gantman_mobilenetv2,0.0006624354864470661,SFW,149.71847500001445
/workspace/raw_data/hentai/d061516084933e4456e7aa70bd8e7e69a4dd1236f022b5f2ff79091c687a8d94.jpg,hentai,NSFW,cnn_gantman_mobilenetv2,0.048357754945755005,SFW,157.73591600000714
/workspace/raw_data/porn/c2d7580de7693877d9dd3e79c3660ed331d54bf3a1a5061d502f3ceb1f6cd043.jpg,porn,NSFW,cnn_gantman_mobilenetv2,0.9390921592712402,NSFW,160.55234099999893
/workspace/raw_data/sexy/cb106dfd4034deb1b4d86aad9b7bc1fbedad8ffd6a18f8cb8a89a63d05604ab3.jpg,sexy,NSFW,cnn_gantman_mobilenetv2,0.9950390458106995,NSFW,164.49355700001433
/workspace/raw_data/neutral/98062c51e3e7857af62fcff78b1b0c7d220821d74593a093b2c0e53d5e8a9290.jpg,neutral,SFW,cnn_gantman_mobilenetv2,0.001735182129777968,SFW,157.4306920000197
/workspace/raw_data/hentai/5710978.jpg,hentai,NSFW,cnn_gantman_mobilenetv2,0.8947977423667908,NSFW,163.69549299997743
/workspace/raw_data/hentai/5cfa8841231df7cbbc492db2d0dd81759966b6dab0eeaaf811307be2671f0af2.jpg,hentai,NSFW,cnn_gantman_mobilenetv2,0.9900476336479187,NSFW,177.23477600000592
/workspace/raw_data/hentai/5447880.jpg,hentai,NSFW,cnn_gantman_mobilenetv2,0.9841150045394897,NSFW,169.00471699997865
/workspace/raw_data/porn/efba359009c9e1fb3260b0e1a0ed1a3b0835d01e3d19a0bcb55c3e2cbdd25e7a.jpg,porn,NSFW,cnn_gantman_mobilenetv2,0.9999995827674866,NSFW,158.03144000000202
/workspace/raw_data/neutral/c6a66c09ca68c414622834755c59df599a49f521a9b5d43ac02fde0a19c02484.jpg,neutral,SFW,cnn_gantman_mobilenetv2,3.6293793527875096e-05,SFW,161.5415659999826
/workspace/raw_data/sexy/7a33ea49ac29732ba177c72982748d38035cd5a2fe65df96ca8c65505610721a.jpg,sexy,NSFW,cnn_gantman_mobilenetv2,0.9998992085456848,NSFW,177.04737999997633
/workspace/raw_data/hentai/6362e774d9d7cecb95c241a0ac937001401fd4b02e9e59eb03803c2e5e82f37b.jpg,hentai,NSFW,cnn_gantman_mobilenetv2,0.9998357892036438,NSFW,165.65756200000692
/workspace/raw_data/neutral/eec70d8cbd69dd8873535199cc0c0dabbba90e9a40fa74c20d0ade0e75bd725e.jpg,neutral,SFW,cnn_gantman_mobilenetv2,0.0022269287146627903,SFW,172.4005049999846
/workspace/raw_data/drawings/2b0bd4cf41b08422d370858f3458e0ad158deeebce277496596a63caec287b6b.jpg,drawings,SFW,cnn_gantman_mobilenetv2,0.02246830239892006,SFW,156.9948629999942
/workspace/raw_data/hentai/3673213.jpg,hentai,NSFW,cnn_gantman_mobilenetv2,0.9977153539657593,NSFW,173.68050900000753
/workspace/raw_data/neutral/ebffb3fbf77d603fd0a7da1a4193f76af1114a24271489547a1d04c8435dc528.jpg,neutral,SFW,cnn_gantman_mobilenetv2,0.0007331961533054709,SFW,162.88453800001435
/workspace/raw_data/drawings/f8898ffb483718c9c99245fae0463b4a66d4f668308ee5e5e081983a39d2bb30.jpg,drawings,SFW,cnn_gantman_mobilenetv2,0.09491105377674103,SFW,169.36526099999583
/workspace/raw_data/porn/37c634c92c47c5a6a6ceb2712b630c2c8c69d9f782e58a3781ad766b17696945.jpg,porn,NSFW,cnn_gantman_mobilenetv2,0.9988858103752136,NSFW,184.41067399999156
/workspace/raw_data/drawings/3473fccc51a40260076844bb75341382cc11d08732b04646dd25b26348c896b9.jpg,drawings,SFW,cnn_gantman_mobilenetv2,0.6778178811073303,NSFW,173.54939799997737
/workspace/raw_data/porn/58f498add1a468bb02e57165decba0aadbca75a6184ebf93d0817aca5cf7591c.jpg,porn,NSFW,cnn_gantman_mobilenetv2,0.9999999403953552,NSFW,161.48242500000265
/workspace/raw_data/neutral/d282c3d7aab4baabbad209d62996d2c9bceb0d2d2fdb96f60fc6fcced8606c94.jpg,neutral,SFW,cnn_gantman_mobilenetv2,0.0392833948135376,SFW,158.95512100001952
/workspace/raw_data/porn/2b282d33172104999e5c7b612fd3354f76941ce69d1fa28cb10a0f0d1f3bb4d5.jpg,porn,NSFW,cnn_gantman_mobilenetv2,0.973479688167572,NSFW,154.5015620000072
/workspace/raw_data/neutral/f71ad18ad2da21ee912722ef1d8aadae14fb27286cb40b457f2afbceddd0706f.jpg,neutral,SFW,cnn_gantman_mobilenetv2,1.3937065887148492e-05,SFW,157.25988399998414
/workspace/raw_data/sexy/73d469e4dddbf762cd487e3ef28bdf7c6f86d6b34cc91f311a56b0ff61b66721.jpg,sexy,NSFW,cnn_gantman_mobilenetv2,0.9545819163322449,NSFW,171.51933499999927
/workspace/raw_data/porn/08805f043ff36fc8f6253de6bbca090f1112cdac621cc8078c74b4ed164b552b.jpg,porn,NSFW,cnn_gantman_mobilenetv2,0.9992639422416687,NSFW,169.53167400001234
/workspace/raw_data/hentai/102414722_p2_master1200.jpg,hentai,NSFW,cnn_gantman_mobilenetv2,0.7514767646789551,NSFW,166.251410000001
/workspace/raw_data/sexy/5aa1f923f27a49b06e0534f843969711cd7f910e318091d6be327c86f3e4a848.jpg,sexy,NSFW,cnn_gantman_mobilenetv2,0.9998076558113098,NSFW,167.32729699998572
/workspace/raw_data/hentai/a9dcb3a65d176ecc4aeb45103cd493154327b96dbcd8c5c003ee67dbe1896998.jpg,hentai,NSFW,cnn_gantman_mobilenetv2,0.9928647875785828,NSFW,153.1035490000079
/workspace/raw_data/hentai/102514907_p0_master1200.jpg,hentai,NSFW,cnn_gantman_mobilenetv2,0.8951744437217712,NSFW,190.6904809999901
/workspace/raw_data/sexy/8dfea627a445d1a2d4e3cecc63a39b84100a7409343d0ac4d856c4aee9d84f26.jpg,sexy,NSFW,cnn_gantman_mobilenetv2,0.9960330724716187,NSFW,192.57473300001493
/workspace/raw_data/drawings/8e89f40a8b0d33777ab04972a7c07a9b39823274ea105abb9ab3db12aef94012.jpg,drawings,SFW,cnn_gantman_mobilenetv2,0.003761044004932046,SFW,151.54792399999906
/workspace/raw_data/hentai/febefcb6fccc3cb9024462406b31aec86ec0af5101363ae94456d43b9cff2d49.jpg,hentai,NSFW,cnn_gantman_mobilenetv2,0.2104981392621994,SFW,155.54864599999974
/workspace/raw_data/porn/51a59eb8b19f229e1b2fce56b7b07efac2aa57183c2d08d51288a38217acdf78.jpg,porn,NSFW,cnn_gantman_mobilenetv2,0.9991075396537781,NSFW,179.66289199998187
/workspace/raw_data/sexy/17b43552dd982b745405bda030170df01b7eca18fb1af209c5d3330d122d122f.jpg,sexy,NSFW,cnn_gantman_mobilenetv2,0.9960491061210632,NSFW,174.64238700000578
/workspace/raw_data/neutral/533e4418c85f844e39987cddbca38464c90f88cc59debdd72406017915cc72ee.jpg,neutral,SFW,cnn_gantman_mobilenetv2,0.00036090044886805117,SFW,175.05621999998766
/workspace/raw_data/porn/30eaae63930e1e27239940925dcd05e919ec57418dba12b5abe16dc732807d93.jpg,porn,NSFW,cnn_gantman_mobilenetv2,1.0,NSFW,174.0897420000067
/workspace/raw_data/porn/8f9c379441094611c49e74ecd8352e74e7f072bdb8a733e2a8a76ec1aeaa65d8.jpg,porn,NSFW,cnn_gantman_mobilenetv2,0.9999999403953552,NSFW,152.7483200000006
/workspace/raw_data/hentai/47e95bd536d1f97204a68c9f8ba579ff51cd052075bc2c9ab3c5be2cdacdf2a7.jpg,hentai,NSFW,cnn_gantman_mobilenetv2,0.9745931625366211,NSFW,161.81855199999973
/workspace/raw_data/neutral/e89b1dc4f143f26f7f54ca8776edb63e9d2ef22b40bc2ae073832ad580cabf0f.jpg,neutral,SFW,cnn_gantman_mobilenetv2,0.1402861773967743,SFW,158.70780099999138
/workspace/raw_data/hentai/88950911_p0_master1200.jpg,hentai,NSFW,cnn_gantman_mobilenetv2,0.9991905689239502,NSFW,155.62855199999603
/workspace/raw_data/sexy/748e4fbdd8d152f381300db6a86599b5ab10f9df6a73536a0946c812d0c504f7.jpg,sexy,NSFW,cnn_gantman_mobilenetv2,0.9942976832389832,NSFW,175.92409000002363
/workspace/raw_data/hentai/4068500.jpg,hentai,NSFW,cnn_gantman_mobilenetv2,0.9988809823989868,NSFW,142.6465060000055
/workspace/raw_data/drawings/0250f031278ab6f6ca5cb9b63dee30ae00a339221daf5d6ecdf9ecafffaac2ea.jpg,drawings,SFW,cnn_gantman_mobilenetv2,0.007053346838802099,SFW,159.9170989999834
/workspace/raw_data/neutral/4c504fda8e9e5d915823b753473559ffc8f300845180ff67aa0d6454ccebe11d.jpg,neutral,SFW,cnn_gantman_mobilenetv2,0.042026735842227936,SFW,170.7476720000045
/workspace/raw_data/hentai/142017.jpg,hentai,NSFW,cnn_gantman_mobilenetv2,0.7896620035171509,NSFW,171.28261499999553
/workspace/raw_data/neutral/b4be18554504ae81e047a0cd71337181f0d987eb71731eb81aae535813551985.jpg,neutral,SFW,cnn_gantman_mobilenetv2,2.7717671400750987e-05,SFW,162.6638209999669
/workspace/raw_data/sexy/63571b03c35480580849c264d9e2b3ba5b7b8f2d0089b61acf057dc4ca5b6be9.jpg,sexy,NSFW,cnn_gantman_mobilenetv2,0.9990988969802856,NSFW,173.73691300002747
/workspace/raw_data/sexy/2cc6db566e1f1641a2b96b6bb3416f6054ead2713805084676677f2ccfea1e3d.jpg,sexy,NSFW,cnn_gantman_mobilenetv2,0.9988572597503662,NSFW,171.627242999989
/workspace/raw_data/drawings/54a75360c260ca37a726453ef68ab22677bbd5b8d48c737d649b4ca87b6e2a3e.jpg,drawings,SFW,cnn_gantman_mobilenetv2,0.005677447654306889,SFW,167.9229439999972
/workspace/raw_data/neutral/f53df046ad4f6bf885944d00fe2d6cea67059164d9ca5fdf8423b2084ac862f0.jpg,neutral,SFW,cnn_gantman_mobilenetv2,9.575123840477318e-05,SFW,158.2338680000248
/workspace/raw_data/hentai/78426581_p2_master1200.jpg,hentai,NSFW,cnn_gantman_mobilenetv2,0.9924830198287964,NSFW,168.7588579999897
/workspace/raw_data/hentai/86a1ed28271ced23e6ab0cd99dca1549ebeb79bb9041299e324e4735dc2abe9c.jpg,hentai,NSFW,cnn_gantman_mobilenetv2,0.9740985035896301,NSFW,167.22283300003937
/workspace/raw_data/neutral/e165e433c53b611102b7b48c33cda05fe0652566a0ecc47624fa0ea34d3d5f7b.jpg,neutral,SFW,cnn_gantman_mobilenetv2,0.006924095097929239,SFW,160.58919200003174
/workspace/raw_data/porn/69b28d7608ff5da8c43326a0037b6b511edbabe5684ca5a132d320bca6c50738.jpg,porn,NSFW,cnn_gantman_mobilenetv2,0.9965924024581909,NSFW,155.63828799997736
/workspace/raw_data/sexy/a6fb15f4c00e677d67fe979f2aa5448dbf4e61571df437432a4a38288f68619c.jpg,sexy,NSFW,cnn_gantman_mobilenetv2,0.9896464347839355,NSFW,154.48769500000026
/workspace/raw_data/hentai/9396b8537eaa3f3eae4f0164e3448775727296d609d509b14ddc36696a7642c8.jpg,hentai,NSFW,cnn_gantman_mobilenetv2,0.7709145545959473,NSFW,163.37541899997632
/workspace/raw_data/porn/9d432f18304acffce12b83a570bbceab525c8d3c2a11c74d672d0adeebf999f9.jpg,porn,NSFW,cnn_gantman_mobilenetv2,0.9999999403953552,NSFW,163.4431250000148
/workspace/raw_data/hentai/0d759280c9a3a821f8f4c584cfd696f7f65e4a2d2050ccf36d4f59ba7668a387.jpg,hentai,NSFW,cnn_gantman_mobilenetv2,0.4093828499317169,SFW,162.01500800002577
/workspace/raw_data/sexy/bf4de9bd78a1b773ccb46aa50259eed7be8a610233b3d7193a869b7646a359b3.jpg,sexy,NSFW,cnn_gantman_mobilenetv2,0.3462488055229187,SFW,174.27410799996323
/workspace/raw_data/porn/c7b3ac1de2dc5643066bc9d3e45296c864abe89b841fb1cdb33df6a70df5a520.jpg,porn,NSFW,cnn_gantman_mobilenetv2,0.999931812286377,NSFW,154.13706599997568
/workspace/raw_data/porn/176c1c7721d90a259998f5980dd674bbe7f9d5755d010edee9653616dae8ee1a.jpg,porn,NSFW,cnn_gantman_mobilenetv2,0.9969186782836914,NSFW,175.19558200001484
/workspace/raw_data/hentai/69232516_p1_master1200.jpg,hentai,NSFW,cnn_gantman_mobilenetv2,0.09690967202186584,SFW,183.5658649999914
/workspace/raw_data/hentai/5403732.jpg,hentai,NSFW,cnn_gantman_mobilenetv2,0.6613203883171082,NSFW,156.99199900001304
/workspace/raw_data/sexy/c1bd7be69ddff7fbfd38bebbe0491b89dd1306cb8f804ee6e82b3f69d4aefc3b.jpg,sexy,NSFW,cnn_gantman_mobilenetv2,0.9942401051521301,NSFW,160.29126800003723
/workspace/raw_data/neutral/6283c5b31fccd5ad3cfe4767779dfd11de157cf71716e40513d60d37d73921a6.jpg,neutral,SFW,cnn_gantman_mobilenetv2,0.014715457335114479,SFW,156.5597630000184
/workspace/raw_data/porn/b377dd6abc15cfb05db2afa9497593df422e4170a2186a189bb501489137ec48.jpg,porn,NSFW,cnn_gantman_mobilenetv2,0.9995263814926147,NSFW,163.58343600001035
/workspace/raw_data/drawings/4cc2f95868ebb525ed528bfd0d63b5d113fa73ea52e04fd391dacc06916cbd6f.jpg,drawings,SFW,cnn_gantman_mobilenetv2,0.0035701501183211803,SFW,177.78849399996943
/workspace/raw_data/drawings/18b478e5e3112a7258e67ab504f0a940d9e366972a27ff11cc2cf0ff1e334b37.jpg,drawings,SFW,cnn_gantman_mobilenetv2,0.12449584901332855,SFW,156.00441799995224
/workspace/raw_data/hentai/292888.jpg,hentai,NSFW,cnn_gantman_mobilenetv2,0.9948009848594666,NSFW,179.8868650000145
/workspace/raw_data/hentai/4566979.jpg,hentai,NSFW,cnn_gantman_mobilenetv2,0.051128726452589035,SFW,165.79641699996728
/workspace/raw_data/porn/8aa11ac7c3c1cfe8d30d08b8e5643f8ba02156445e23fd8ffc23ccb81c82f09e.jpg,porn,NSFW,cnn_gantman_mobilenetv2,0.0346156544983387,SFW,165.8370200000263
/workspace/raw_data/sexy/53a5c2e637cd11a591cfa45e3054c440d50acca69d70688afb058960891808e0.jpg,sexy,NSFW,cnn_gantman_mobilenetv2,0.9972522854804993,NSFW,165.0685579999731
/workspace/raw_data/drawings/b0655c2bd4de4229ca8423a45c99c0c7f62750109da7a862c2078f0a878f7895.jpg,drawings,SFW,cnn_gantman_mobilenetv2,0.002961415797472,SFW,178.3313390000103
/workspace/raw_data/drawings/0273c9497ae0bf0d730d8bc73699c5559889bcfa1c0a7a17177da9285dfedc02.jpg,drawings,SFW,cnn_gantman_mobilenetv2,0.004027148243039846,SFW,157.39523099995267
/workspace/raw_data/sexy/10baa5ec29d1b8c4c54797904432caa14a221e391cc398971089e3525fdfcc7b.jpg,sexy,NSFW,cnn_gantman_mobilenetv2,0.9953613877296448,NSFW,156.45305499998585
/workspace/raw_data/porn/6660b4fa7a4d048402ce6ca04a45c260f00731c60a980e916b60cc40f8d8a530.jpg,porn,NSFW,cnn_gantman_mobilenetv2,0.9999874234199524,NSFW,168.4899360000145
/workspace/raw_data/drawings/4e772e88414ebacafa4c9c21cbcf4a854633693c3ad7b781ec3d793ad66386ee.jpg,drawings,SFW,cnn_gantman_mobilenetv2,0.0012113358825445175,SFW,163.52773200003412
/workspace/raw_data/hentai/1908958.jpg,hentai,NSFW,cnn_gantman_mobilenetv2,0.9997148513793945,NSFW,170.39979199995514
/workspace/raw_data/porn/44d48ee9fbbc32de8b6c7a490322826ae8d1dcb7a79bc2106447c9a3c8b85b69.jpg,porn,NSFW,cnn_gantman_mobilenetv2,0.1309518814086914,SFW,191.2796940000021
/workspace/raw_data/porn/77d0efcb6731f848106375cc9ad7fe697b3abd96a9262dc0cbedbeb40e7ad801.jpg,porn,NSFW,cnn_gantman_mobilenetv2,0.9982692003250122,NSFW,211.27322400002413
/workspace/raw_data/drawings/e0318a21bbdcdfd6329cbf923d7014b61fe0ff2417e3bc0b9b4d4e3b6c6e8e91.jpg,drawings,SFW,cnn_gantman_mobilenetv2,0.00537608377635479,SFW,164.80173500002593
/workspace/raw_data/porn/ddba39dba87b70cdb7a1c1059f52052570b665a3e6b2a5ddca0367fa463075b4.jpg,porn,NSFW,cnn_gantman_mobilenetv2,0.9999205470085144,NSFW,148.2805890000236
/workspace/raw_data/porn/9de34128e814b4df86893a206f925a8e8ff345d66708575221c3ba65ed2dfb32.jpg,porn,NSFW,cnn_gantman_mobilenetv2,0.9998496174812317,NSFW,161.3559550000332
/workspace/raw_data/sexy/ac03bd963c384e7d2f97212e15ddc6dedadd4aff71146d09ed6c13544fb66830.jpg,sexy,NSFW,cnn_gantman_mobilenetv2,0.9522010087966919,NSFW,169.99185899999247
/workspace/raw_data/drawings/ce4801b79dce26edccbeed3f0fc2248eb46d4ce047e05b959db8c3503d2308bd.jpg,drawings,SFW,cnn_gantman_mobilenetv2,0.008644727058708668,SFW,180.74123399998143
/workspace/raw_data/hentai/47b384f58aa43a1d8ae8e7728807107ca5059dc5f63e65bf7c9a7267fd83ef50.jpg,hentai,NSFW,cnn_gantman_mobilenetv2,0.37798643112182617,SFW,167.92119000001549
/workspace/raw_data/drawings/2634852ad10526f02d7e1c32d9d478d026729ed915e8a31de681140e81ef2959.jpg,drawings,SFW,cnn_gantman_mobilenetv2,0.0012283010873943567,SFW,193.17174799999748
/workspace/raw_data/neutral/2a25a1f4cea69d12fb02e3f0b4008565a17e9645d2234ad2343756bb9f3b1eb0.jpg,neutral,SFW,cnn_gantman_mobilenetv2,6.884272352181142e-06,SFW,160.07595000002084
/workspace/raw_data/sexy/05b116370b6655de52003d048ddfe4fdcb01e5edea77a3f0ba58c81b5dbad90e.jpg,sexy,NSFW,cnn_gantman_mobilenetv2,0.9995668530464172,NSFW,160.42227799999864
/workspace/raw_data/neutral/30045178d17950d328dfcebe05c8aacd885f3d0884732d981d25dc50bdb513ce.jpg,neutral,SFW,cnn_gantman_mobilenetv2,1.6828199704832514e-06,SFW,167.49456799999507
/workspace/raw_data/sexy/ee77fca029875b844b0141c38043b09ca169c7eb08622cb0fdec1dd4403a0ee1.jpg,sexy,NSFW,cnn_gantman_mobilenetv2,0.9923970699310303,NSFW,178.26004699998066
/workspace/raw_data/porn/5513f4d2217fe027eed2dc0a9a0666bded47185672d098e405428dd1341a7c87.jpg,porn,NSFW,cnn_gantman_mobilenetv2,0.9988210797309875,NSFW,155.64380199998595
/workspace/raw_data/porn/e4c0755f0704c4a4d3eaef85097c7f152463f0a2086ab33879a4926de234773d.jpg,porn,NSFW,cnn_gantman_mobilenetv2,0.9994990825653076,NSFW,154.58201500001678
/workspace/raw_data/drawings/47fe5ee78eb2662aa9450a70a4d1d81e1537ff6757709af239f0a1cfa4d07998.jpg,drawings,SFW,cnn_gantman_mobilenetv2,0.0034316980745643377,SFW,169.67994800000952
/workspace/raw_data/sexy/1f513224ed3db839be40f46aeeae746b1ec0aff4743e34b5face9e2bd4e34520.jpg,sexy,NSFW,cnn_gantman_mobilenetv2,0.9995133280754089,NSFW,167.64227999999548
/workspace/raw_data/neutral/f2080f79081cea9e7e287793ff4750a265044fbabec6ba28a26255f16125bd73.jpg,neutral,SFW,cnn_gantman_mobilenetv2,0.0011229884112253785,SFW,165.84673400001293
/workspace/raw_data/sexy/d4f3440e60187dd21d490332efc9763e070050e4c952b9068f83adfb94873bc7.jpg,sexy,NSFW,cnn_gantman_mobilenetv2,0.9994540214538574,NSFW,154.87383900000395
/workspace/raw_data/porn/6ea33eaae114dfb1c7f9fec1f854212061c357399b90b32e05bfa812b5c690c7.jpg,porn,NSFW,cnn_gantman_mobilenetv2,0.18546079099178314,SFW,158.9246689999868
/workspace/raw_data/hentai/5234030.jpg,hentai,NSFW,cnn_gantman_mobilenetv2,0.9998001456260681,NSFW,157.7214710000021
/workspace/raw_data/drawings/8719c73aa8d5c2e70bcd072cacc8518ee7413295137e0413c3c936b20789ef0e.jpg,drawings,SFW,cnn_gantman_mobilenetv2,0.0025504883378744125,SFW,157.72637100002385
/workspace/raw_data/hentai/11e050259743017a892b96403595bc576b136f74a623e9bd99f2f9594970f7f5.jpg,hentai,NSFW,cnn_gantman_mobilenetv2,0.9994462132453918,NSFW,157.74097299998857
/workspace/raw_data/hentai/93609012_p0_master1200.jpg,hentai,NSFW,cnn_gantman_mobilenetv2,0.7857933044433594,NSFW,188.03504499999235
/workspace/raw_data/hentai/81650294_p0_master1200.jpg,hentai,NSFW,cnn_gantman_mobilenetv2,0.07094520330429077,SFW,152.40943700001708
/workspace/raw_data/hentai/9df07b0c55d8c723b0fe4f40abf34de09a87eb521c448426a21099b7ddf41fb2.jpg,hentai,NSFW,cnn_gantman_mobilenetv2,0.9993228912353516,NSFW,160.6047070000045
/workspace/raw_data/porn/a2c6c06d02923f78b234bd079a1a9331c5a2050d0e12f85d7f55b9447a211330.jpg,porn,NSFW,cnn_gantman_mobilenetv2,0.9999861121177673,NSFW,152.17971900000293
/workspace/raw_data/drawings/149d68ff00db5262c6d66ccadc8a6b49bbf4a62a03b0489adba5d412ef14edfe.jpg,drawings,SFW,cnn_gantman_mobilenetv2,0.17599724233150482,SFW,184.8125820000064
/workspace/raw_data/neutral/3eb5280bce43e78d8354c06799fae10346ea4ff1bb7bde4db07049f918bb831b.jpg,neutral,SFW,cnn_gantman_mobilenetv2,0.06491851806640625,SFW,161.8569080000043
/workspace/raw_data/porn/ed5e90b8053c4718e5975db8c21636bf717ce2898f00713a1be651b2cfb94044.jpg,porn,NSFW,cnn_gantman_mobilenetv2,0.9999532699584961,NSFW,155.49239000000625
/workspace/raw_data/porn/886e0f90a70b1a084dbf6a38a5a480dd52bc8e3bed7be6301104274c7f58db88.jpg,porn,NSFW,cnn_gantman_mobilenetv2,0.9999900460243225,NSFW,153.6508390000222
/workspace/raw_data/sexy/b049adca73899987329b195fd04d71f25aeb9638aa594701eb7f3463bcbf9265.jpg,sexy,NSFW,cnn_gantman_mobilenetv2,0.9989913702011108,NSFW,162.1903360000374
/workspace/raw_data/neutral/21a57f75d6334579c530575725a96cc7ea2755c8ed1cd4b420eec6f05e30a832.jpg,neutral,SFW,cnn_gantman_mobilenetv2,0.43465372920036316,SFW,158.16990700000133
/workspace/raw_data/drawings/f9b61cd5b35d3c94ed7336368f70e2afc8d1e77db1c1ade589e3adcc99e1e557.jpg,drawings,SFW,cnn_gantman_mobilenetv2,0.0016466197557747364,SFW,174.31132499996238
/workspace/raw_data/drawings/ccf8c22ba51eb995e839d51542103086cf7d712592511979b5ced7be8fc734cc.jpg,drawings,SFW,cnn_gantman_mobilenetv2,0.03619197756052017,SFW,182.87482400000954
/workspace/raw_data/porn/1e8261ad973f63301d621dc5be59d89de3ba5089b5922b8b734c096b65629190.jpg,porn,NSFW,cnn_gantman_mobilenetv2,0.9354036450386047,NSFW,156.69988700000204
/workspace/raw_data/porn/9440b8dd44acac63e7809ff80c9044276ce1a21e0fc4ee6fa14a7f5d453e86fd.jpg,porn,NSFW,cnn_gantman_mobilenetv2,0.9999903440475464,NSFW,163.22622100000217
/workspace/raw_data/drawings/cbb7560118f8a06813c2bf2cc990a2225d4750bb80b305808542e51847973ba8.jpg,drawings,SFW,cnn_gantman_mobilenetv2,0.004253977444022894,SFW,173.40575100001843
/workspace/raw_data/sexy/bb144ee493f60135f9efe76f388a4d7ef4c7064fe56c92165587317c2ef30951.jpg,sexy,NSFW,cnn_gantman_mobilenetv2,0.9983623027801514,NSFW,152.47604299997874
/workspace/raw_data/sexy/12633009949b38941ccf21edbb652de7bae934d16cbd6233e5714805f59bb1bc.jpg,sexy,NSFW,cnn_gantman_mobilenetv2,0.9989203214645386,NSFW,171.70251300001382
/workspace/raw_data/neutral/71a69c9b2a19fe36be48cbd8387729df88dbe2acd0cd43929f76154bf74b44fe.jpg,neutral,SFW,cnn_gantman_mobilenetv2,0.9896074533462524,NSFW,156.3517590000174
/workspace/raw_data/sexy/2f2ed4804a99b37fd0b04b385ab2b08e3ef7eba5a6b2ebc6ffe27221fa10436c.jpg,sexy,NSFW,cnn_gantman_mobilenetv2,0.9875268936157227,NSFW,166.0605520000331
/workspace/raw_data/porn/42d0a64dfaa480b9d9e15d950c7e706b9ae96d19b9c47e6cfc7061bfde136701.jpg,porn,NSFW,cnn_gantman_mobilenetv2,0.9998658299446106,NSFW,166.29777100001775
/workspace/raw_data/sexy/5e0151fecd4eef95f5e66e74c59e5e678c4dce6ef3c2ecc7edc7270a646142ea.jpg,sexy,NSFW,cnn_gantman_mobilenetv2,0.9997947216033936,NSFW,152.8686750000361
/workspace/raw_data/sexy/67a0fa25d5ba0bc789f13b1af229c95e66fb408152fbd5138408ca2f02cd0afd.jpg,sexy,NSFW,cnn_gantman_mobilenetv2,0.9998229146003723,NSFW,175.67013600000791
/workspace/raw_data/hentai/2059c6e0dd92802927e4ac5ca12927c37d2c920f344a5ec7a640f76e6dcb30d7.jpg,hentai,NSFW,cnn_gantman_mobilenetv2,0.7236020565032959,NSFW,166.97872700001426
/workspace/raw_data/drawings/b8399c509d15f316e49d60c7986c076f4fb10135dba2237238891622fff7a7ed.jpg,drawings,SFW,cnn_gantman_mobilenetv2,0.00070682488149032,SFW,187.94793800003617
/workspace/raw_data/drawings/93d37fd58b78ebc61213a128ce0eddeea9a20a1982d235558f79f4f4559ec902.jpg,drawings,SFW,cnn_gantman_mobilenetv2,0.8165207505226135,NSFW,167.0021279999787
/workspace/raw_data/hentai/2697460.jpg,hentai,NSFW,cnn_gantman_mobilenetv2,0.9989963173866272,NSFW,181.46410800000012
/workspace/raw_data/neutral/90d4dc7746868dd366204a95123b412951dbb36e52ba4d59096db58839e19b85.jpg,neutral,SFW,cnn_gantman_mobilenetv2,0.00092562340432778,SFW,182.94102900000553
/workspace/raw_data/porn/a93ccfdb2864daddaf190ca4b337bd9aacbf9ffd5269da46c3244e394c15c63c.jpg,porn,NSFW,cnn_gantman_mobilenetv2,0.9966878294944763,NSFW,183.86860500004332
/workspace/raw_data/neutral/4490e4496d5874a7d30170341c16241704f164b9d6574ad93dedae645de496b0.jpg,neutral,SFW,cnn_gantman_mobilenetv2,0.02729124389588833,SFW,146.90846500002408
/workspace/raw_data/sexy/fa1ec46f440287b04dce02945143323f482ce71ce45a6da7c6a6891a0787d8c9.jpg,sexy,NSFW,cnn_gantman_mobilenetv2,0.9958019852638245,NSFW,167.958045999967
/workspace/raw_data/sexy/a9f84d1f1d7b8cd7f60155698373bdae4a5c0a5f6d4707aed52e6caef26d4fa8.jpg,sexy,NSFW,cnn_gantman_mobilenetv2,0.9999107718467712,NSFW,152.34839699996883
/workspace/raw_data/hentai/83676299_p0_master1200.jpg,hentai,NSFW,cnn_gantman_mobilenetv2,0.9761878252029419,NSFW,178.40468299999657
/workspace/raw_data/neutral/f541785a1d5e861d567c608206897e404432cf27dcf7b44e5d10bc08aafd8c58.jpg,neutral,SFW,cnn_gantman_mobilenetv2,0.04142962396144867,SFW,168.26567100002876
/workspace/raw_data/porn/06ead0062fbee8b607f6ca31574675d08e17e1bc530d2e0ab2b3df804dcb3a67.jpg,porn,NSFW,cnn_gantman_mobilenetv2,0.9996693134307861,NSFW,169.78199300001506
/workspace/raw_data/hentai/5278354.jpg,hentai,NSFW,cnn_gantman_mobilenetv2,0.07971066981554031,SFW,159.93370400002505
/workspace/raw_data/sexy/0b5af6f7caef5ebf9349beab5f6a004c28fb99354ae2480fb8afc8a902298553.jpg,sexy,NSFW,cnn_gantman_mobilenetv2,0.9965317249298096,NSFW,188.20736700001817
/workspace/raw_data/neutral/9e92dfb25ed381ef48e0db797e70d2fee09e82b6ade116450597b42093ae4fc7.jpg,neutral,SFW,cnn_gantman_mobilenetv2,0.0025573973543941975,SFW,150.92548300003727
/workspace/raw_data/neutral/c0025b4d7781bdc74aac47a5559ddf801fb7aadee4101d9775b4ba024e675673.jpg,neutral,SFW,cnn_gantman_mobilenetv2,0.019946955144405365,SFW,151.41792200000737
/workspace/raw_data/porn/bbc5c95a46015ea549ba5065dcd2bc933c6061154f3b806f58ade3b54693d2db.jpg,porn,NSFW,cnn_gantman_mobilenetv2,0.9997194409370422,NSFW,158.87481900000466
/workspace/raw_data/porn/b01927af3a2f676857b9518cdcd78c4c76b844bf906a1073e52ababb4540e70d.jpg,porn,NSFW,cnn_gantman_mobilenetv2,0.9999993443489075,NSFW,156.72674699999334
/workspace/raw_data/porn/321c64d384fdfc3818aafebb374371b1d5fa60464cf3261dd39ee8cead16fe39.jpg,porn,NSFW,cnn_gantman_mobilenetv2,0.9635895490646362,NSFW,163.7997139999925
/workspace/raw_data/porn/c9ebbb801271b25dacd16978082176898dcab35680d9a2da369d1df591a600b9.jpg,porn,NSFW,cnn_gantman_mobilenetv2,0.9666849970817566,NSFW,182.55821499997182
/workspace/raw_data/drawings/3901d978fceb487087eefac8e40e054a881095254f2b111f4da32ba6df80e4f0.jpg,drawings,SFW,cnn_gantman_mobilenetv2,0.00560431694611907,SFW,184.13124099998868
/workspace/raw_data/porn/30ec3b55c8dfeeb904cc838f7383f4b05fe28d7eb8111ea14d2fa1f918e81471.jpg,porn,NSFW,cnn_gantman_mobilenetv2,0.9983371496200562,NSFW,157.77103099998158
/workspace/raw_data/porn/c71ba7e1125be1f608c4ac2a159624abc052286e09f8d90eb3dea47962cc1153.jpg,porn,NSFW,cnn_gantman_mobilenetv2,0.9987049102783203,NSFW,182.66802399995186
/workspace/raw_data/drawings/975208b0d40633ca491333edc0e71b35049e7a917dc33ef447ad4019e6ae1f2d.jpg,drawings,SFW,cnn_gantman_mobilenetv2,0.3937338590621948,SFW,157.98954800004594
/workspace/raw_data/sexy/5bf510a6795fc9a5be73a861a7cce7ea4ba9c5ab29c4f66f93c6b30baa444ed0.jpg,sexy,NSFW,cnn_gantman_mobilenetv2,0.9924941062927246,NSFW,164.15744300002189
/workspace/raw_data/sexy/6e6347fb34d5928b89cc824d588628b35c500fcb4a24d22d3f48ae3170bb6285.jpg,sexy,NSFW,cnn_gantman_mobilenetv2,0.9957916736602783,NSFW,173.38208099999974
/workspace/raw_data/hentai/2333278.jpg,hentai,NSFW,cnn_gantman_mobilenetv2,0.9411088228225708,NSFW,157.6970259999939
/workspace/raw_data/sexy/a5fca23be8cf390d18032fbbc57496e45c9621b71004476ba77ecb3cb1988c18.jpg,sexy,NSFW,cnn_gantman_mobilenetv2,0.9994086027145386,NSFW,160.80887499998653
/workspace/raw_data/porn/a81d18651ea0b657b0c8dd6231e45e8edf1ee8a4222ff67b51b6cd7194a1b7ab.jpg,porn,NSFW,cnn_gantman_mobilenetv2,0.9806557297706604,NSFW,149.89900100005116
/workspace/raw_data/hentai/1010169.jpg,hentai,NSFW,cnn_gantman_mobilenetv2,0.010662006214261055,SFW,159.17994399995905
/workspace/raw_data/drawings/c884f22eec53377b053aa9e60b819eeee541552db06d19edbb4722c80b590348.jpg,drawings,SFW,cnn_gantman_mobilenetv2,0.0010335417464375496,SFW,158.4062819999872
/workspace/raw_data/sexy/6c7fd81dcf5879e7d9d929dbf7a9ca27163985cc72b3db0f8e8a1cf0e7c5d0df.jpg,sexy,NSFW,cnn_gantman_mobilenetv2,0.9972355365753174,NSFW,159.93190400001822
/workspace/raw_data/hentai/3245276.jpg,hentai,NSFW,cnn_gantman_mobilenetv2,0.050306834280490875,SFW,155.1610220000157
/workspace/raw_data/hentai/99301556_p0_master1200.jpg,hentai,NSFW,cnn_gantman_mobilenetv2,0.9748451113700867,NSFW,170.18672599999718
/workspace/raw_data/drawings/1dc46daab5bcf44f9daa12343b2b43f272f9b68ba44246d675a327de338b394f.jpg,drawings,SFW,cnn_gantman_mobilenetv2,0.003187901806086302,SFW,168.43448499997749
/workspace/raw_data/porn/8bb4e81a92b3d16f35cefd84c47e4a58d5f5aaa99f3dfa6547efb51299c7479d.jpg,porn,NSFW,cnn_gantman_mobilenetv2,1.0,NSFW,156.69994500001394
/workspace/raw_data/hentai/479aa6c72aa7b1a0805184b1d1845c8ad6cc1a5ba2580b57d31f5594e8f3c74a.jpg,hentai,NSFW,cnn_gantman_mobilenetv2,0.8501143455505371,NSFW,168.73770900002683
/workspace/raw_data/neutral/7f27156d52e7e5bdcdcadaa7f7aabb3469ad83bb203c5a2bfb71f880f7d99fc5.jpg,neutral,SFW,cnn_gantman_mobilenetv2,0.029617462307214737,SFW,169.77689200001578
/workspace/raw_data/hentai/90160577_p5_master1200.jpg,hentai,NSFW,cnn_gantman_mobilenetv2,0.990053653717041,NSFW,156.93666499998926
/workspace/raw_data/hentai/6131651.jpg,hentai,NSFW,cnn_gantman_mobilenetv2,0.9446552395820618,NSFW,155.52975200000674
/workspace/raw_data/drawings/114ed3474e1c0a0020afaef5bbf6a2192070e3f3de40ef2ef560d5891e9fe7bc.jpg,drawings,SFW,cnn_gantman_mobilenetv2,0.09076713025569916,SFW,163.51189099998464
/workspace/raw_data/drawings/b430a0bd40e6d0357bd1eecd9ea2f2b51de023ca882ec6ea7219a76bfde303d7.jpg,drawings,SFW,cnn_gantman_mobilenetv2,0.001807992230169475,SFW,168.21046699999442
/workspace/raw_data/neutral/a76e2ab4219a816a43ee2f610ac02b5eb11a8894d5af76b27c7111a79cbd7f0d.jpg,neutral,SFW,cnn_gantman_mobilenetv2,0.0014260044554248452,SFW,171.2987139999882
/workspace/raw_data/sexy/c2d0e3b62cf8b818587aba96b14562e7380169a50ddae8c3d0cd38f2c5066c04.jpg,sexy,NSFW,cnn_gantman_mobilenetv2,0.9996612668037415,NSFW,167.31599500002403
/workspace/raw_data/neutral/2291d7486d63c30c7ecc05de1f3cc869c72b5bec74ee3846514a733609c2abad.jpg,neutral,SFW,cnn_gantman_mobilenetv2,0.00017446980928070843,SFW,170.8892810000293
/workspace/raw_data/drawings/d50b738fb1e64804408c0a0f4dc687f6eafc6dc08231fbb54b2f7eb0cf636d00.jpg,drawings,SFW,cnn_gantman_mobilenetv2,0.0003274920745752752,SFW,175.47164799998427
/workspace/raw_data/neutral/43183ffac167ad2720e9a0060fc0e1fe664b64f49feb461e7e5bbff26fe2d7dc.jpg,neutral,SFW,cnn_gantman_mobilenetv2,0.00718298414722085,SFW,155.79567899999347
/workspace/raw_data/drawings/7680de02889248b119cecb766ae0bc59abd0542b35183d29d5db8343394ea2b9.jpg,drawings,SFW,cnn_gantman_mobilenetv2,0.005831262096762657,SFW,182.96384100000296
/workspace/raw_data/drawings/e186c152ded9d961fa189b21529342318db927fb6ac2e5d168a4efec721991fa.jpg,drawings,SFW,cnn_gantman_mobilenetv2,0.008364032953977585,SFW,179.10390900004813
/workspace/raw_data/hentai/70357309_p0_master1200.jpg,hentai,NSFW,cnn_gantman_mobilenetv2,0.999885618686676,NSFW,172.7727640000012
/workspace/raw_data/porn/c18bcf588f87b2e957341e105b16a5654a57e09418745614c0262a09cc88a26a.jpg,porn,NSFW,cnn_gantman_mobilenetv2,0.9814725518226624,NSFW,173.1736980000278
/workspace/raw_data/neutral/5afe03138d4de2e08dc9b2ba13322b047dd8329ec0c4ff6b9b81389fa71184d5.jpg,neutral,SFW,cnn_gantman_mobilenetv2,0.00034241951652802527,SFW,160.35819600000423
/workspace/raw_data/porn/37b3aeadf19e46ee4adabfd1e5deff0e1cf41443e8f9e5de1c726bd1f6474322.jpg,porn,NSFW,cnn_gantman_mobilenetv2,0.9999992847442627,NSFW,157.86128199999894
/workspace/raw_data/sexy/e191f9fd5b0880de6c448456d370db516bd1fa5e62944c7205052267011b71b5.jpg,sexy,NSFW,cnn_gantman_mobilenetv2,0.9173078536987305,NSFW,163.4227600000031
/workspace/raw_data/sexy/51f6dfb3e404c12ce541395423b9d7b4e4ae37c748d9e99fa671a663907ab8c6.jpg,sexy,NSFW,cnn_gantman_mobilenetv2,0.9825484752655029,NSFW,159.86605400001963
/workspace/raw_data/hentai/e1f6387a3a3fc5091a3cca661630415a22e635ae497683b1b7dfa42f6f98dbab.jpg,hentai,NSFW,cnn_gantman_mobilenetv2,0.9800536632537842,NSFW,165.3069220000134
/workspace/raw_data/hentai/730323.jpg,hentai,NSFW,cnn_gantman_mobilenetv2,0.10468112677335739,SFW,189.44559800002025
/workspace/raw_data/hentai/3204782.jpg,hentai,NSFW,cnn_gantman_mobilenetv2,0.8125627040863037,NSFW,184.72199100000353
/workspace/raw_data/drawings/60c7e464302646f0fa5d94defbbb48513ad1a1878f083f9a28f575dc7a049382.jpg,drawings,SFW,cnn_gantman_mobilenetv2,0.00047189314500428736,SFW,181.94035200002645
/workspace/raw_data/porn/767dc689ad4c33b7f32fe5b5ce9e6ecb8fd4bf660cc94f5b8081345ef21bf7d4.jpg,porn,NSFW,cnn_gantman_mobilenetv2,0.993773341178894,NSFW,174.70602999998164
/workspace/raw_data/porn/ad34a63419c17cd3c2435c5d790e225eba30fa3b652393a4b0b5f7d868cad91f.jpg,porn,NSFW,cnn_gantman_mobilenetv2,0.9997612833976746,NSFW,174.06927600001154
/workspace/raw_data/sexy/6c054beca48768e199af10d5c135e6b009196ac23092e7143fc7f70c5ae10a01.jpg,sexy,NSFW,cnn_gantman_mobilenetv2,0.9974648356437683,NSFW,192.1586319999733
/workspace/raw_data/sexy/10b2b74fad373b4a56b70d7aac9d3a58b21bee491c26b544ec0427d089866167.jpg,sexy,NSFW,cnn_gantman_mobilenetv2,0.9999963045120239,NSFW,176.24856300000147
/workspace/raw_data/neutral/a795ab684100a099435d0c57f33c89a5c0b2c5d84d82211447f9cb2bb7c6b7c3.jpg,neutral,SFW,cnn_gantman_mobilenetv2,0.0067510539665818214,SFW,158.30682000000706
/workspace/raw_data/hentai/69085025_p0_master1200.jpg,hentai,NSFW,cnn_gantman_mobilenetv2,0.9829514026641846,NSFW,161.92082999998547
/workspace/raw_data/drawings/4b52141316710b890a3f5c1f6a8081c414c2720de2bbdccd502e054bb925b403.jpg,drawings,SFW,cnn_gantman_mobilenetv2,0.007443341426551342,SFW,156.3892539999756
/workspace/raw_data/porn/64233f7d792c1af6e95cf4eb89a1ab93feab38f97ab28f5025c2fc5aa26a96d2.jpg,porn,NSFW,cnn_gantman_mobilenetv2,0.9840340614318848,NSFW,167.51721200000702
/workspace/raw_data/drawings/5c1cb8136fb791b30cdc537990a123381405e48e05d811a677a8bd82d597e45c.jpg,drawings,SFW,cnn_gantman_mobilenetv2,0.028797201812267303,SFW,176.61649499996201
/workspace/raw_data/porn/bd78dfc5e4ac0ca0cfec8c8d47951694edcbf643cf73c06a2ab39eacba43cd59.jpg,porn,NSFW,cnn_gantman_mobilenetv2,0.9999986886978149,NSFW,146.3299889999803
/workspace/raw_data/drawings/de0ccf8de714b51de3bde0bb846b8213614d09aba69de879b9e92f63301079e6.jpg,drawings,SFW,cnn_gantman_mobilenetv2,0.01366465538740158,SFW,162.5838869999825
/workspace/raw_data/drawings/a69d247ecf173bd32cedceb03f4e2a0ff1b2caa93958ed48fc0a65cf824d4310.jpg,drawings,SFW,cnn_gantman_mobilenetv2,0.0016257918905466795,SFW,151.46233100000472
/workspace/raw_data/porn/7d5939d9b79f8130fbc8cb04f9a9172c9c941a6ac01add111abd21c8ad88e290.jpg,porn,NSFW,cnn_gantman_mobilenetv2,0.9414215087890625,NSFW,160.61461799995413
/workspace/raw_data/sexy/0b15b69e66f5a4579c9309faeaffc9fa462ecc5ed3b117f847225ad7b408b600.jpg,sexy,NSFW,cnn_gantman_mobilenetv2,0.9781137108802795,NSFW,183.26766699999553
/workspace/raw_data/drawings/ab48825053f901b7186e29320e3c7f74a81676200730a6225e970b56d3419457.jpg,drawings,SFW,cnn_gantman_mobilenetv2,0.006585273891687393,SFW,170.21154399998295
/workspace/raw_data/neutral/e721725ed2a9ab3b010febf05785a02e6a3fefa47ac567d35bedb34def1fbcca.jpg,neutral,SFW,cnn_gantman_mobilenetv2,0.002734705340117216,SFW,164.486251000028
/workspace/raw_data/drawings/1660174a7854d9126eadd3ee0bca3af331b15e225c67cb283d91ce4b076faa82.jpg,drawings,SFW,cnn_gantman_mobilenetv2,0.00020822010992560536,SFW,169.65109500000608
/workspace/raw_data/porn/44e695153773cc8c0b3523308e8c48cfae9e8315eb95fc3a32b5372542a2236d.jpg,porn,NSFW,cnn_gantman_mobilenetv2,0.9947699308395386,NSFW,177.0320310000102
/workspace/raw_data/drawings/49c4901be3ef3be3b9f87186d1f5fface5f057f277818644a70405207ca5bca9.jpg,drawings,SFW,cnn_gantman_mobilenetv2,0.01835395209491253,SFW,174.75553499997432
/workspace/raw_data/sexy/67d659a36569299ca5ed45837c6ffd3a143dc257736f61c8ca45fecb3918a686.jpg,sexy,NSFW,cnn_gantman_mobilenetv2,0.9998005032539368,NSFW,168.98383800003103
/workspace/raw_data/sexy/bad80a29dfe1f14af1289d15dfbe96a2584db669d3457f392bcb85f0d4ba6aa7.jpg,sexy,NSFW,cnn_gantman_mobilenetv2,0.9934049248695374,NSFW,158.53623900000002
/workspace/raw_data/sexy/ea4a3bea934fccea02d0c7deccbfc658a093f1dce68e6c3264ed1af7dc2125f5.jpg,sexy,NSFW,cnn_gantman_mobilenetv2,0.997657835483551,NSFW,161.67410900004597
/workspace/raw_data/drawings/58b49b4964d2f20288020ad1cbbf03b65ac7e0f2b876f0efbcf8221f89f912ea.jpg,drawings,SFW,cnn_gantman_mobilenetv2,0.001408070675097406,SFW,166.67833999997583
/workspace/raw_data/hentai/5448519.jpg,hentai,NSFW,cnn_gantman_mobilenetv2,0.2758491039276123,SFW,184.95101100000966
/workspace/raw_data/porn/7f97e89a6b0a117e74a029f7cb47302e0e2f3c4bf2576ee66565e8c2dcba3ad3.jpg,porn,NSFW,cnn_gantman_mobilenetv2,0.9876730442047119,NSFW,161.2683740000307
/workspace/raw_data/porn/c91f7ad8456b8ef2654ce55640ef8d8109a644c826f416d5b7668b62bf096d61.jpg,porn,NSFW,cnn_gantman_mobilenetv2,0.9993127584457397,NSFW,160.19518200005223
/workspace/raw_data/drawings/0631f7333e0138815dfb4f4054185a5568b52490cf05d6383d099a604fcc45d0.jpg,drawings,SFW,cnn_gantman_mobilenetv2,0.0009694152977317572,SFW,168.4053600000084
/workspace/raw_data/drawings/c7c4db057ffee070dc66a2e3db554aaa56077748a2c1498b99adbf27ed92983a.jpg,drawings,SFW,cnn_gantman_mobilenetv2,0.007647205144166946,SFW,167.9789410000012
/workspace/raw_data/porn/3b2a6b6133056dccbf04e58bc041774b6fb71a99a43a1c5dca6a27c423cedb2f.jpg,porn,NSFW,cnn_gantman_mobilenetv2,0.9996759295463562,NSFW,161.00141599997642
/workspace/raw_data/hentai/69adaae42d208e291ca8a308c57176d88ce803abb3f4f7f4995ffbd9545d7b2d.jpg,hentai,NSFW,cnn_gantman_mobilenetv2,0.9999389052391052,NSFW,158.97373500001777
/workspace/raw_data/hentai/86955079_p0_master1200.jpg,hentai,NSFW,cnn_gantman_mobilenetv2,0.991949200630188,NSFW,167.86703100001432
/workspace/raw_data/porn/d095ce893a8ebef17e9634210561120fa042a0cb880265a2a75bf001305b3c57.jpg,porn,NSFW,cnn_gantman_mobilenetv2,0.9999886155128479,NSFW,174.54982900000005
/workspace/raw_data/hentai/85123654_p2_master1200.jpg,hentai,NSFW,cnn_gantman_mobilenetv2,0.9965181946754456,NSFW,178.8147109999727
/workspace/raw_data/sexy/84125c10f7d92289fdb12f82052aed4a831f4870601d2e81b649877e207af441.jpg,sexy,NSFW,cnn_gantman_mobilenetv2,0.999703049659729,NSFW,175.97725799998898
/workspace/raw_data/porn/3618082a7db9cc36ce11ae7a7e57800e9e2e13bb200adb27a1db2c7ac94e5b3d.jpg,porn,NSFW,cnn_gantman_mobilenetv2,0.9999994039535522,NSFW,165.59212799995748
/workspace/raw_data/sexy/324ea4f4e7710d4635957f46001f939c4aa70135eba0da6354c0e5e625960a9c.jpg,sexy,NSFW,cnn_gantman_mobilenetv2,0.9999535083770752,NSFW,167.90333500000543
/workspace/raw_data/hentai/737549b46d6e6a923661cf29c1b00edc948a2e0f44df527e8776fd2dfe942fa2.jpg,hentai,NSFW,cnn_gantman_mobilenetv2,0.7492809891700745,NSFW,182.45233700002927
/workspace/raw_data/drawings/01d5e316745ca06c77e7ceb60349e1ec91792dd2a8f8df5945a79bc6fec2b624.jpg,drawings,SFW,cnn_gantman_mobilenetv2,0.004507130011916161,SFW,150.45757199999343
/workspace/raw_data/drawings/f7f39609f34a91e086e912abfac5292419b83999eef665230306a306d194441d.jpg,drawings,SFW,cnn_gantman_mobilenetv2,0.00034018029691651464,SFW,160.0968359999797
/workspace/raw_data/drawings/9299c128c420f5322e15a5cb0be541871d48679dd2dd7c8475ce820b8f62d5ee.jpg,drawings,SFW,cnn_gantman_mobilenetv2,0.8339414596557617,NSFW,171.28173700001526
/workspace/raw_data/drawings/d59755314803e031fe472e2d3081df12f42ae86020d3fb25a554bb4017b01543.jpg,drawings,SFW,cnn_gantman_mobilenetv2,0.0002798419154714793,SFW,163.02759800004196
/workspace/raw_data/porn/cef0cc88b226f86900b9e8e6c6d9711f0264b20e87ce6752f20baa382befcfe6.jpg,porn,NSFW,cnn_gantman_mobilenetv2,0.9988159537315369,NSFW,161.32094499999994
/workspace/raw_data/sexy/b04243b44c2e1eb852a4ffd3fc5e208040c4394a9d09d1c515c098c039b5b4fc.jpg,sexy,NSFW,cnn_gantman_mobilenetv2,0.955915629863739,NSFW,160.61258199999884
/workspace/raw_data/hentai/fab6a300065fed0c15e360b41b131f24c77ba34b8055c49b4ec05209c597f259.jpg,hentai,NSFW,cnn_gantman_mobilenetv2,0.9968557953834534,NSFW,164.31521300000895
/workspace/raw_data/drawings/4d6c89d7f9372f21be1fcceffb9c51c81abb561e0f0bc8d777ab3c048a0f5f79.jpg,drawings,SFW,cnn_gantman_mobilenetv2,0.001845568767748773,SFW,169.88401100002193
/workspace/raw_data/sexy/479d86305ff35c7fc2b4d77c85a4c152bd6d54bc2f8b4d6f362ab93a8abc5bc0.jpg,sexy,NSFW,cnn_gantman_mobilenetv2,0.9909439086914062,NSFW,156.91615100001854
/workspace/raw_data/drawings/d870e8d864942b2bbff2746994a20be863976fe5f0d30fe3597647bad1a66b9b.jpg,drawings,SFW,cnn_gantman_mobilenetv2,0.16956296563148499,SFW,171.90709300001572
/workspace/raw_data/sexy/94489d81a5f9598a9681ce8967110e4ea23eaf5578d19225fcb098d57a3279bf.jpg,sexy,NSFW,cnn_gantman_mobilenetv2,0.9951143860816956,NSFW,167.71901800001388
/workspace/raw_data/sexy/016a64e63392f54334b7e2c4061fb4b26202b10490ebc8c56a9a603ea78a5912.jpg,sexy,NSFW,cnn_gantman_mobilenetv2,0.9991939067840576,NSFW,166.32559299995364
/workspace/raw_data/neutral/4701ffe826cdd1f768c96d98c01823db5ccd377220844591fdaabbb27698f069.jpg,neutral,SFW,cnn_gantman_mobilenetv2,0.010908085852861404,SFW,152.6735709999798
/workspace/raw_data/sexy/f88815d96ebb51e8136d0acb2877b8507c467e283ba68542fc4370eebfc05eff.jpg,sexy,NSFW,cnn_gantman_mobilenetv2,0.9999042749404907,NSFW,154.64914699998644
/workspace/raw_data/hentai/78528183_p1_master1200.jpg,hentai,NSFW,cnn_gantman_mobilenetv2,0.12458193302154541,SFW,152.15982500001246
/workspace/raw_data/porn/8eb6bf86c2a5f3f767efef0220705d78da84763d43197b347ef1d5e5c3e1ae4f.jpg,porn,NSFW,cnn_gantman_mobilenetv2,0.9999999403953552,NSFW,159.84561300001587
/workspace/raw_data/neutral/e383b7fdf5ec96c4fb9c8f13ce515b74e0845610090912d2fd30c3adc202c417.jpg,neutral,SFW,cnn_gantman_mobilenetv2,0.00017431392916478217,SFW,152.14332300001843
/workspace/raw_data/drawings/e717ccb2f2e8bc25590577dfbe6535753cfb6d259398753457c3c6ca60f05e85.jpg,drawings,SFW,cnn_gantman_mobilenetv2,0.002364648971706629,SFW,150.7801019999988
/workspace/raw_data/drawings/a355e00751a352d81e90dcfb9e23c61bd0ef88a81ea934092eef0a45582ee82d.jpg,drawings,SFW,cnn_gantman_mobilenetv2,1.972503014258109e-05,SFW,149.70370500003582
/workspace/raw_data/hentai/e41f19f9951606d5c5b6f1826e41630a610ae7fc03113dca9285f601f408b57f.jpg,hentai,NSFW,cnn_gantman_mobilenetv2,0.6066125631332397,NSFW,142.87349299996777
/workspace/raw_data/sexy/3bac446938bc9efc41f89a0aefb6588738015b34961560590b14d0a796aa9f7d.jpg,sexy,NSFW,cnn_gantman_mobilenetv2,0.9986446499824524,NSFW,146.183088999976
/workspace/raw_data/sexy/a4e65a8df1de8d092da20787164b584ebefbac570c7ef1fdd5215a8dd09b0cdf.jpg,sexy,NSFW,cnn_gantman_mobilenetv2,0.9999521970748901,NSFW,158.94223200001534
/workspace/raw_data/sexy/6163260265a7c83d830db63b56e0b8826f2c4c68ad3167b7c9c294000775ff4c.jpg,sexy,NSFW,cnn_gantman_mobilenetv2,0.9967786073684692,NSFW,165.4592149999985
/workspace/raw_data/porn/c347d937ef57b6baf148620a26513fe6cb66fff4de1cbb1efaeffcc9a83f94b5.jpg,porn,NSFW,cnn_gantman_mobilenetv2,0.9996240735054016,NSFW,166.17147900001328
/workspace/raw_data/porn/d7c2e46ee46ea119f7b0fb767975f178284dc86c7ae6c179dfb3ed6a379f2d91.jpg,porn,NSFW,cnn_gantman_mobilenetv2,0.9662669897079468,NSFW,146.78644399998575
/workspace/raw_data/hentai/51ee1e0c36990786c793c01d3ee6e359049e7834573d93a4d0e8fda75ee99f53.jpg,hentai,NSFW,cnn_gantman_mobilenetv2,0.27377232909202576,SFW,180.00411799999938
/workspace/raw_data/neutral/391c2673071ba7e27430d8c98dff28f574070412304f0db1a00a95025906e603.jpg,neutral,SFW,cnn_gantman_mobilenetv2,0.01049367431551218,SFW,168.76541200002748
/workspace/raw_data/drawings/f84eb79e88936269e654229de1f7fc88ac6367e0586eafcdca0c8d0c88338c5a.jpg,drawings,SFW,cnn_gantman_mobilenetv2,0.544609010219574,NSFW,148.78912300002867
/workspace/raw_data/neutral/a997d1b69d424858140dae088629362e6a1e549f7d3fc17374fb1d851d7fa287.jpg,neutral,SFW,cnn_gantman_mobilenetv2,5.4452033509733155e-05,SFW,151.0822279999502
/workspace/raw_data/neutral/035c38f08d44a105e8614329f162ffcbd5e1496180180aaa406ce3bcc065daee.jpg,neutral,SFW,cnn_gantman_mobilenetv2,9.831372153712437e-05,SFW,155.62453500001538
/workspace/raw_data/porn/984f7bb130be19aa45af7e894f4480881b66c93ff9e579160de65233a41511a4.jpg,porn,NSFW,cnn_gantman_mobilenetv2,0.9978666305541992,NSFW,159.18369599995685
/workspace/raw_data/hentai/69832a6f4e8aa314d5cbb15e83b7664d711faf33c06d0c2958be15b63401e9fe.jpg,hentai,NSFW,clip_laion_probed,0.6014661192893982,NSFW,8937.156450000031
/workspace/raw_data/hentai/3a3fc7dd593aee37b4de19f285507c2f18f0241e79225b318923f085e304bbe1.jpg,hentai,NSFW,clip_laion_probed,0.5630278587341309,NSFW,2825.1795510000193
/workspace/raw_data/drawings/ed87dd874f5139620bb41b09c8b84b28b53ee309a47d5e4da1d50b4c815f10af.jpg,drawings,SFW,clip_laion_probed,0.0012497343122959137,SFW,2717.425803000026
/workspace/raw_data/neutral/244f7f82452d2080b6f9e2ebdd5eff900c20f4e603e4a1e65ec98040529c607e.jpg,neutral,SFW,clip_laion_probed,0.0006792680942453444,SFW,2716.783561999989
/workspace/raw_data/drawings/79d1c5defcc5b3f3188a08d1fbbdb799fc922fd64de40ef863d7da8e428e43e7.jpg,drawings,SFW,clip_laion_probed,0.0014947035815566778,SFW,2712.3630309999953
/workspace/raw_data/sexy/dc088d2d2b126ee68c80d7fa4cd5c1cca7d8e6dd32f41a75afabd1f2bc5c1d2e.jpg,sexy,NSFW,clip_laion_probed,0.9431046843528748,NSFW,2718.5840920000146
/workspace/raw_data/drawings/ddbb98486f9c74b39ec85649d07e30e8514a558062b9e686f424ffa9c11e5493.jpg,drawings,SFW,clip_laion_probed,0.0007691771606914699,SFW,2740.590673999975
/workspace/raw_data/drawings/fb8b79754a36faf467554f58e362fb59f64b1bcb0de569d46ece48cb9fe8a98d.jpg,drawings,SFW,clip_laion_probed,0.03827916085720062,SFW,2736.370696999984
/workspace/raw_data/sexy/11fd2d11bf0ac477bbad0b34eb28577b57baa65c07fceece4600bc09dd79d42f.jpg,sexy,NSFW,clip_laion_probed,0.9987491369247437,NSFW,2746.4533600000323
/workspace/raw_data/drawings/df949eea9b9b1954ed971753ac2e6966eca0674cf2dc92643c4fa9c72cc7ce78.jpg,drawings,SFW,clip_laion_probed,0.0015611255075782537,SFW,2737.441263999983
/workspace/raw_data/porn/c9d868753c3e3cecce3bb0d89af56f2baa1abc842411658c415ac5661c62e4d7.jpg,porn,NSFW,clip_laion_probed,0.9999992847442627,NSFW,2736.602290999997
/workspace/raw_data/neutral/16b6882821009f1318b6184cb78af582806f7107ea63d19347e531eeafe66439.jpg,neutral,SFW,clip_laion_probed,3.642972660600208e-05,SFW,2734.835750000002
/workspace/raw_data/neutral/6d8104662f901595e2ee4bd930989f62c949a2153bc0c0a65c1d6846796864fc.jpg,neutral,SFW,clip_laion_probed,8.438597433269024e-05,SFW,2730.9803419999525
/workspace/raw_data/hentai/a60d75f0f87f61f94c057c9c474bc467142c9b89652577185136c116b585ad7a.jpg,hentai,NSFW,clip_laion_probed,0.7742924094200134,NSFW,2813.7588810000125
/workspace/raw_data/drawings/7424de958899da3bf04295a35a44ed82d31b2ee2bcb6f1a416c571fa5ff341b5.jpg,drawings,SFW,clip_laion_probed,0.011170481331646442,SFW,2855.084734000002
/workspace/raw_data/sexy/ab3c2cfd60d34484fab044d0d8a5cd21b254a259e3ae3ebe6073a01fa8faf8ae.jpg,sexy,NSFW,clip_laion_probed,0.9949554800987244,NSFW,2829.275124999981
/workspace/raw_data/drawings/052bac737174b4b3a2b6d868fc6659cbf62361c99d63b90de8e24dee7253a62b.jpg,drawings,SFW,clip_laion_probed,0.0026517866645008326,SFW,2887.0299949999776
/workspace/raw_data/drawings/b5890eea535b3d2ba07b6ce05b238324b26efd779c8c11a81c27f3aada560f5b.jpg,drawings,SFW,clip_laion_probed,0.0016114526661112905,SFW,2799.8817659999986
/workspace/raw_data/porn/626534d5c4916700529afbb8a079c2594f521d10d3fc2642209a34e89adf2a5c.jpg,porn,NSFW,clip_laion_probed,0.9999997615814209,NSFW,2914.8139879999917
/workspace/raw_data/neutral/dbe077c1b397b920fbe7a353ab2ce274f027f24a53dcfd6ecbe90acfea1adfd9.jpg,neutral,SFW,clip_laion_probed,7.592634119646391e-06,SFW,2928.9605559999927
/workspace/raw_data/hentai/6161158.jpg,hentai,NSFW,clip_laion_probed,0.999890923500061,NSFW,2843.7837870000067
/workspace/raw_data/sexy/bf98dc0a7f5687a4c102ae6e554040d5b6507ded5539a02cc592bf1a546aa02a.jpg,sexy,NSFW,clip_laion_probed,0.9544033408164978,NSFW,2872.4084629999993
/workspace/raw_data/neutral/46fdd2de25add150e9ed6d0dd651ccb476a966866c55a9d80367f5f33595185a.jpg,neutral,SFW,clip_laion_probed,0.024694427847862244,SFW,2886.2524080000185
/workspace/raw_data/porn/51b4e901329c2f13f1c941c9793e42ee0aaf31d95845d41e88a0c619390c75d6.jpg,porn,NSFW,clip_laion_probed,0.9999996423721313,NSFW,2930.017953999993
/workspace/raw_data/neutral/873904af436158641ceec7a213fae2d1eedcda3dbc97c324fb06a5e53a25df80.jpg,neutral,SFW,clip_laion_probed,9.448685159441084e-05,SFW,2820.128624000006
/workspace/raw_data/hentai/cbdbdb3d020ff6bed19c2e271e770c12f7f6fdac260921ae13d09f26d5ce808c.jpg,hentai,NSFW,clip_laion_probed,0.9946755170822144,NSFW,2865.2545580000037
/workspace/raw_data/sexy/e97fce0f730dfc0d27d08c777d04ed78752ca4a13416ad67d2b6d9d991e580a7.jpg,sexy,NSFW,clip_laion_probed,0.9999250173568726,NSFW,2845.786249000014
/workspace/raw_data/drawings/37c0adb32282851876dc362854118e0c75ef6093b1489b214aa4f3b6a3e48939.jpg,drawings,SFW,clip_laion_probed,0.00042198621667921543,SFW,2853.3824419999974
/workspace/raw_data/porn/3b76496fb0f5e5aeb5dff88c5fff1ac4e973f9598416f2a5807a42827358a05e.jpg,porn,NSFW,clip_laion_probed,0.9998161196708679,NSFW,2890.671012000041
/workspace/raw_data/neutral/c0cf01d948842c6bf2d56068155bffb0e949e15670df171ebc63b9934b813779.jpg,neutral,SFW,clip_laion_probed,1.469123162678443e-06,SFW,2840.2227949999883
/workspace/raw_data/hentai/1383809.jpg,hentai,NSFW,clip_laion_probed,0.9999936819076538,NSFW,2989.72132199998
/workspace/raw_data/hentai/1abe7793675bf2444e561624e30608d4bf887a4f845ef8e5b873cbfcc6f23931.jpg,hentai,NSFW,clip_laion_probed,0.9997555613517761,NSFW,2818.9050820000148
/workspace/raw_data/sexy/f4e793ec5452e67e0c3db8c1a7c4e6c0180c9d23625c85fa642decd951f3a182.jpg,sexy,NSFW,clip_laion_probed,0.9998387098312378,NSFW,2871.2141299999985
/workspace/raw_data/drawings/0496d0dcc3f39c6064d896bf8506b6e79c5e25b00b401170f262a20da8bbbec1.jpg,drawings,SFW,clip_laion_probed,0.02915743552148342,SFW,2869.522188000019
/workspace/raw_data/hentai/80315487_p0_master1200.jpg,hentai,NSFW,clip_laion_probed,0.9993067979812622,NSFW,2836.3608299999896
/workspace/raw_data/hentai/a17f42097e88b10b4ff1ba684a39cb5a9ab507d3c9b432ab913f918da432a4d0.jpg,hentai,NSFW,clip_laion_probed,0.9984167814254761,NSFW,2899.240601000031
/workspace/raw_data/porn/5dfec6d4f58a21528e5600edf324490d6037e026daa88aa1abff23a5f6d5e6fe.jpg,porn,NSFW,clip_laion_probed,0.9999843835830688,NSFW,2853.7192809999965
/workspace/raw_data/drawings/21009525f8858cc256304a3037aeff36de8477bf0515a7cace46dbc4795ae2a0.jpg,drawings,SFW,clip_laion_probed,0.1744384616613388,SFW,2865.054970000017
/workspace/raw_data/porn/5249fd9caefced50bd514e3035af1b61b43ba2ce76651c5a698316534ac0ee4f.jpg,porn,NSFW,clip_laion_probed,0.9999996423721313,NSFW,2831.477065999991
/workspace/raw_data/neutral/cd536b8eefa2db4c240dc310856a73a7116b640771d76e35d1533c8517097933.jpg,neutral,SFW,clip_laion_probed,1.988571420952212e-05,SFW,2970.309928000006
/workspace/raw_data/drawings/859736a13469b5aabe70ea0f48e5c0a58b2e3b8a1a5fc582c867dece9424b135.jpg,drawings,SFW,clip_laion_probed,9.970253449864686e-05,SFW,2886.6463919999887
/workspace/raw_data/porn/89d7a8ec0c4fb59ec9a6c483ce0af4fbd0534ad04ef336c8a3478262e7a298bc.jpg,porn,NSFW,clip_laion_probed,0.9998699426651001,NSFW,2924.465141999974
/workspace/raw_data/drawings/635a4496bc1db38a8ef58909ff7ffeee96a335ae3a209a8269c37aa70e90f55a.jpg,drawings,SFW,clip_laion_probed,0.0011065059807151556,SFW,2842.748119000021
/workspace/raw_data/neutral/6c25b4ee1c4613515594808f3827ab6f7800672adf0ad40158e344d376944042.jpg,neutral,SFW,clip_laion_probed,4.0830011130310595e-05,SFW,2927.9446259999986
/workspace/raw_data/neutral/a6b7ed7e6eeff36539a4a59d393c4fabb0d1d4b067085f85126556862f3894ba.jpg,neutral,SFW,clip_laion_probed,1.4355152416101191e-05,SFW,2866.946043999974
/workspace/raw_data/sexy/15b0668c50ac151e4e7d92b7821bd1c9e23080e2359343a7eeb3b168b477e6a8.jpg,sexy,NSFW,clip_laion_probed,0.999968409538269,NSFW,2917.1121640000024
/workspace/raw_data/hentai/35b1fa80f370a47adb1c8f9b8139f3959fb4a3604268ca4ed0e645e2a456ab97.jpg,hentai,NSFW,clip_laion_probed,0.29469266533851624,SFW,3068.558601999996
/workspace/raw_data/porn/a03417bab8d21403fa60544d9e942307f758eed9c90ddccb19c598b79f1a6caf.jpg,porn,NSFW,clip_laion_probed,0.9999990463256836,NSFW,3207.0701650000046
/workspace/raw_data/sexy/86bb2134321008e422fce03c8f3df67cb6ef57e4898a74f2e397251d79dc1bfa.jpg,sexy,NSFW,clip_laion_probed,0.9908744096755981,NSFW,3091.839991000029
/workspace/raw_data/hentai/c14436059de04cbde2f867601be05d4c1582664541240b664f490878d686c2be.jpg,hentai,NSFW,clip_laion_probed,0.47242671251296997,SFW,3132.8206740000155
/workspace/raw_data/drawings/53b83e1383cb20a0bba1b4bfa4dcb73c953d4dde0c5b3513f19e35b57c9b10e1.jpg,drawings,SFW,clip_laion_probed,0.053508609533309937,SFW,3416.335619999984
/workspace/raw_data/porn/99683472615a18c48e77404bc78754b5b2228ba78dbe908d78a1b0dd6ac23821.jpg,porn,NSFW,clip_laion_probed,0.9999600648880005,NSFW,3102.180210999961
/workspace/raw_data/porn/236a6a38aedea3e14e76228fe824515ce25ac0acd444def8fa7930f5533a87ee.jpg,porn,NSFW,clip_laion_probed,0.91746586561203,NSFW,3448.311689000036
/workspace/raw_data/porn/6bb65e8c3198f3748f2d54d5ae2b218447fe906d917cab15187f93e9a40dca1b.jpg,porn,NSFW,clip_laion_probed,0.9999983310699463,NSFW,3384.7859279999852
/workspace/raw_data/neutral/cb897d767d62783efc4d786c1bf2a668dbc24b098eefbd7b1fe02366e1556c69.jpg,neutral,SFW,clip_laion_probed,4.8612969294481445e-06,SFW,2947.3202199999946
/workspace/raw_data/neutral/48a839f61e7b703255c01dc85a467c0ffd7e75b0f7d0c416b1e475766a473ea1.jpg,neutral,SFW,clip_laion_probed,0.0004690997302532196,SFW,2918.193954000003
/workspace/raw_data/porn/54fd829763242388b0640323104a7b85c16db843975a1b53ee5f4dfdc1661664.jpg,porn,NSFW,clip_laion_probed,0.9999905824661255,NSFW,2964.2299879999996
/workspace/raw_data/sexy/76938595a88fa6d9d534c5028c61347b59a985f3efca6f95486a85c922d46218.jpg,sexy,NSFW,clip_laion_probed,0.9963415265083313,NSFW,3420.159576000003
/workspace/raw_data/sexy/13bec47dbf1777c39d538a984255df1571bb832b4d950696101f9dd86e7aff00.jpg,sexy,NSFW,clip_laion_probed,0.9992675185203552,NSFW,3023.6026139999694
/workspace/raw_data/drawings/8bd1c3d8d5445e2ae46a211206975e6f130d0c13c8bc6bd232d88e96f8438925.jpg,drawings,SFW,clip_laion_probed,0.0008956959354691207,SFW,2999.8179990000153
/workspace/raw_data/neutral/05de8baae64da0cd2f69a5237ac423ff43c7f02d54b98b92f5a7b97b2565f194.jpg,neutral,SFW,clip_laion_probed,0.00011730361438822001,SFW,3037.5238519999925
/workspace/raw_data/sexy/3210df741005675a2c0c324d67bc9d0fda61dc3d3f5f1e97fbf50ed13a0867cf.jpg,sexy,NSFW,clip_laion_probed,0.9997054934501648,NSFW,2972.7986820000183
/workspace/raw_data/porn/ce03ccc70027ff92ba6cf267941115a5cc59f9afc83a87618f5d4cce48c40683.jpg,porn,NSFW,clip_laion_probed,0.9999988079071045,NSFW,2961.0163340000213
/workspace/raw_data/hentai/94302310_p1_master1200.jpg,hentai,NSFW,clip_laion_probed,0.9999364614486694,NSFW,3247.8469959999643
/workspace/raw_data/porn/553cb40e0ad459800d676e3d8e0438b7bd63380d8433aa84ac14432b969b6d89.jpg,porn,NSFW,clip_laion_probed,0.9999960660934448,NSFW,2840.9094819999723
/workspace/raw_data/drawings/8f787ff6959d70a65f1ca0c5e652ded90d749c304253a846e7cf82df2a9a092d.jpg,drawings,SFW,clip_laion_probed,0.0006188381812535226,SFW,2874.7202839999773
/workspace/raw_data/neutral/3ea406be20b8f0152861056558952b23381086a2ddbccaf47a5d0768769c80ad.jpg,neutral,SFW,clip_laion_probed,3.449890573392622e-05,SFW,2910.3671410000516
/workspace/raw_data/porn/54ef196f4de251d17299402b88e91806748640ec2e5243ceff4d051972e42a31.jpg,porn,NSFW,clip_laion_probed,0.9999984502792358,NSFW,2918.903648999958
/workspace/raw_data/sexy/c8acec4c2dcd4996dc2d7d33c1a7b082243a9dcf31ddd7f25d742c379979d686.jpg,sexy,NSFW,clip_laion_probed,0.9664825797080994,NSFW,2963.2377340000176
/workspace/raw_data/sexy/8e2982a73bb2af2c7217bb54d34f0a0e4fe3961c30d14af437d559b2903fc0fc.jpg,sexy,NSFW,clip_laion_probed,0.9995542168617249,NSFW,2943.196833999991
/workspace/raw_data/neutral/d6a038b295a737590afec4439a96d1cd43249e7bc6b8222741d59416221a0256.jpg,neutral,SFW,clip_laion_probed,9.126139048021287e-06,SFW,2915.9831430000054
/workspace/raw_data/neutral/c1372d288a0c79a204d622535efebd3f4f142f3a115341d433dece3a36ecbe63.jpg,neutral,SFW,clip_laion_probed,0.0067814127542078495,SFW,2894.325376999973
/workspace/raw_data/drawings/080a6b11763e81b9479919b815b71dd99885108d069ac0ee31aa8bc56e42ae6f.jpg,drawings,SFW,clip_laion_probed,0.0029638204723596573,SFW,2936.5775549999853
/workspace/raw_data/porn/2b5ff099c687387fa65d3105a538c8319b83134ac5bdc44ca95e90adb4df8a73.jpg,porn,NSFW,clip_laion_probed,0.9999932050704956,NSFW,2964.629015000014
/workspace/raw_data/sexy/a8566898d929944436acdde2c8d222d91d05f2b00b4f363a225ded5a22ea2d2f.jpg,sexy,NSFW,clip_laion_probed,0.9996610879898071,NSFW,2930.621424000037
/workspace/raw_data/sexy/92ab1f38bc725dc9f12714e9a4c73100d6270ac2a0735af1b22fbb2d376e5046.jpg,sexy,NSFW,clip_laion_probed,0.9999430179595947,NSFW,2936.8398569999954
/workspace/raw_data/neutral/448ba43cdc985a9a8f7c6df5c9f04a80ab0479c7be1cc6b79380bb409804a681.jpg,neutral,SFW,clip_laion_probed,0.00363670545630157,SFW,2947.777681000048
/workspace/raw_data/hentai/83921393_p1_master1200.jpg,hentai,NSFW,clip_laion_probed,0.9537185430526733,NSFW,2975.3299520000382
/workspace/raw_data/hentai/76975594_p3_master1200.jpg,hentai,NSFW,clip_laion_probed,0.803921103477478,NSFW,2932.63410499992
/workspace/raw_data/hentai/eac9a773c48380adde59a7587de8ac8e5ba493dff2dce510133ad6d27ac75979.jpg,hentai,NSFW,clip_laion_probed,0.9999889135360718,NSFW,2987.0355110000446
/workspace/raw_data/porn/d96d73a1b96586bb9a15cd99ab105b65260110d1914efefa45881f0dfa545908.jpg,porn,NSFW,clip_laion_probed,0.9999984502792358,NSFW,3047.9295970000067
/workspace/raw_data/sexy/2b8bd080b04292c852b9bb5a16da2b54b7c9f00db1c294138cbd7d141d90d760.jpg,sexy,NSFW,clip_laion_probed,0.9993423819541931,NSFW,3010.607546000074
/workspace/raw_data/neutral/e769845c19ed0ab09f18102dd8f7d558476a7b7f2b6e59afd31d3f1e7446e77c.jpg,neutral,SFW,clip_laion_probed,0.0006662037339992821,SFW,3004.4841909999604
/workspace/raw_data/sexy/29be9c19bc5c3aa8f93e3fb890bd7ca3628a372e20f03b84c49ffe450b41494c.jpg,sexy,NSFW,clip_laion_probed,0.9990577101707458,NSFW,2930.384774999993
/workspace/raw_data/sexy/35b444cf7d5daf5ce52e1783bc6a66fdaaea049312625b181497603634ae501b.jpg,sexy,NSFW,clip_laion_probed,0.9977255463600159,NSFW,2950.0269879999905
/workspace/raw_data/porn/17260d49206e61a1660cb97a5ea1f303340c03b2b28c16f69a24bba1b4e24cf8.jpg,porn,NSFW,clip_laion_probed,0.999993085861206,NSFW,2930.5586259999927
/workspace/raw_data/sexy/2eaeabb321f783d9ab28f8435d174356bcc08b73ed5bb8879683e44d7c9dccdc.jpg,sexy,NSFW,clip_laion_probed,0.999404788017273,NSFW,2921.2889899999936
/workspace/raw_data/porn/4982cc142c9c9646c3dd51c13cf747467379d9eda8abac22f33d231f960ff4b8.jpg,porn,NSFW,clip_laion_probed,0.9999934434890747,NSFW,2931.190016999949
/workspace/raw_data/hentai/99254715_p1_master1200.jpg,hentai,NSFW,clip_laion_probed,0.8876181244850159,NSFW,2932.725278000021
/workspace/raw_data/sexy/ea91e246752db484c226019cb4955d4f5a46b95224e2586477de45a7cb2c54e3.jpg,sexy,NSFW,clip_laion_probed,0.9983854293823242,NSFW,2927.273678000006
/workspace/raw_data/neutral/be37c7518cc225fdd2e4e203f9bc59452a3e2a4715c9a865072bf70fa065326d.jpg,neutral,SFW,clip_laion_probed,8.81274463608861e-05,SFW,2947.2601170000416
/workspace/raw_data/hentai/82265692_p0_master1200.jpg,hentai,NSFW,clip_laion_probed,0.023202257230877876,SFW,2900.584708999986
/workspace/raw_data/drawings/7d5622455159f6d0fc253a7e42eefc72f3ee010908dbdfa1f9674ca4880572a1.jpg,drawings,SFW,clip_laion_probed,0.0003073334810324013,SFW,2915.204954999922
/workspace/raw_data/porn/76e50b2028154ab78c3f350825514364f51e97133138bc6240f96bfef6bb11b9.jpg,porn,NSFW,clip_laion_probed,0.9999978542327881,NSFW,2970.314589000054
/workspace/raw_data/neutral/46d2235357fd4abf3ce05bc4207571f7f1809a4794e2d9e0fb7ed1a2e30e81a2.jpg,neutral,SFW,clip_laion_probed,2.3217480702442117e-05,SFW,2939.4833610000433
/workspace/raw_data/drawings/08a299d872cba89faca6a62d9058fcc1710e95e36b1b1eed13a188c460573dac.jpg,drawings,SFW,clip_laion_probed,0.019711695611476898,SFW,2925.0010319999546
/workspace/raw_data/drawings/3769ac6eb5028c8954c44e1dfac3c62df7100839228360d6629eb8fab7855a74.jpg,drawings,SFW,clip_laion_probed,0.0009709182195365429,SFW,2932.1382620000804
/workspace/raw_data/neutral/7a84d0cb7828a78d7c7be603348d3fe063b3661185907cebf4f5dead25f7738d.jpg,neutral,SFW,clip_laion_probed,3.0310471629491076e-05,SFW,2919.3030480000743
/workspace/raw_data/hentai/5284372.jpg,hentai,NSFW,clip_laion_probed,0.9999375343322754,NSFW,2902.3334219999697
/workspace/raw_data/drawings/fb145ed323678de2da7d371be103177d1d6555449488059ad1d5c8f374488964.jpg,drawings,SFW,clip_laion_probed,0.008289379067718983,SFW,2952.3870430000443
/workspace/raw_data/neutral/87579a5434fb10b2902e153bc63425b475043d22ce5fd1c89974c93ef18e1efb.jpg,neutral,SFW,clip_laion_probed,2.008748742809985e-05,SFW,2924.6700039999496
/workspace/raw_data/hentai/c0caf0cae4256bb78f302dfe7883b49f2458a2ffc4dd8b57042402fe46607c1e.jpg,hentai,NSFW,clip_laion_probed,0.836129903793335,NSFW,2959.9920169999905
/workspace/raw_data/sexy/5ef87a9af499a3c2f5eb34c0d687ef718bfac25a7d42118b3b01edcaf15cd46c.jpg,sexy,NSFW,clip_laion_probed,0.9989449381828308,NSFW,2964.546657000028
/workspace/raw_data/sexy/2a5fc8f724ed3d5b764ac897fff8bceb810e3f045780a0a6e47e0bf73770f43f.jpg,sexy,NSFW,clip_laion_probed,0.9653930068016052,NSFW,2896.456361999981
/workspace/raw_data/sexy/3b754b13089980a43b2bab36ae8720bacba05c005bb0ffce1e1f917c3ee82871.jpg,sexy,NSFW,clip_laion_probed,0.9983527660369873,NSFW,2956.5356570000176
/workspace/raw_data/neutral/3c5b6cd4972934b9f2ef0eaf671cde6f0ae28cb8c5d5b6b552f205a84c531ee0.jpg,neutral,SFW,clip_laion_probed,3.58364122803323e-05,SFW,2907.965302999969
/workspace/raw_data/neutral/2050af5236d422b68ad0de2809b0693122b76a5c177fa5574e48f42a38c630a3.jpg,neutral,SFW,clip_laion_probed,3.2679115520295454e-06,SFW,2971.4817860000267
/workspace/raw_data/neutral/392d543255a27484d37c4f3fa0a8fd4a1d03a4377e492acb96ca9cbe2efe62d6.jpg,neutral,SFW,clip_laion_probed,0.00017078904784284532,SFW,2938.424118000057
/workspace/raw_data/drawings/141e6b10adee90e1e0a2059aea7b5b2a0dc98d7c18b071b28e8febb3c5e09d1d.jpg,drawings,SFW,clip_laion_probed,0.005961602553725243,SFW,2882.4194180000404
/workspace/raw_data/porn/747be83274ef036e73f589b7016e9e961aa1c384ad8ffeef87a9b838a0f5049f.jpg,porn,NSFW,clip_laion_probed,0.9999998807907104,NSFW,2942.722291999985
/workspace/raw_data/neutral/f271b404e361ccf8e324d9ae15e39824c2f03c43a9121a87c1195f3b4fdf7208.jpg,neutral,SFW,clip_laion_probed,0.0003242536913603544,SFW,2904.9880540000004
/workspace/raw_data/neutral/c48944f6b0067bb6b3d3946b2a5d7d4bc1e306510420ded7018b6b0ff52eb03b.jpg,neutral,SFW,clip_laion_probed,0.01257763896137476,SFW,2928.201888999979
/workspace/raw_data/sexy/1af35d890321a2a864b2d0ebf91fc6c7611c797cd1c0ea6ce93d7a2b14b42ae2.jpg,sexy,NSFW,clip_laion_probed,0.9989445805549622,NSFW,2999.1175629999134
/workspace/raw_data/drawings/11e1844a1709626cbfea107824147318681bcabf9e50edeaebbca180cceb430e.jpg,drawings,SFW,clip_laion_probed,0.0005670515820384026,SFW,2950.8958850000226
/workspace/raw_data/drawings/3d8e0bdc0e450c5768c8cf9c966e03243d3ac3131096773e71122b4a0773d0a7.jpg,drawings,SFW,clip_laion_probed,0.0016076290048658848,SFW,3071.0513669999955
/workspace/raw_data/sexy/18894a770defbd6a4783015608719c8fc790b2d0283ad1607e541837c93ae4e3.jpg,sexy,NSFW,clip_laion_probed,0.5151872634887695,NSFW,2928.9984399999867
/workspace/raw_data/drawings/d727400b85fe67d03f6b7ae26f86c8013d656a760ec5e0b3b10df659caf2f8ca.jpg,drawings,SFW,clip_laion_probed,0.00016662481357343495,SFW,2922.0764870000266
/workspace/raw_data/porn/8fead91f1b6233104283c06ca7e036cbff66848eea0de7d67fdcbf9c7053cb63.jpg,porn,NSFW,clip_laion_probed,0.9999947547912598,NSFW,2957.0143080001117
/workspace/raw_data/neutral/2dbb64ddfea8dbf6ed97febde2e89d4c76f5beca37fd09616882005fd7bfa476.jpg,neutral,SFW,clip_laion_probed,0.8955354690551758,NSFW,2930.891101000043
/workspace/raw_data/drawings/77e14d603feb6c5e20b4f1c6c63e9f9acb49dc745c6c26653edecf84d49e5bec.jpg,drawings,SFW,clip_laion_probed,0.002749879378825426,SFW,2914.940003999959
/workspace/raw_data/neutral/80f144afe28387d013dc4c635b3f07a3f7825a53bcc29bed1a41088ded3405f5.jpg,neutral,SFW,clip_laion_probed,0.0009718937217257917,SFW,2911.1270930000046
/workspace/raw_data/porn/87877cfc07341bef620c634383903aee84790e4a41790c6c2db610c5ad8f73c4.jpg,porn,NSFW,clip_laion_probed,0.9999997615814209,NSFW,2930.809335000049
/workspace/raw_data/neutral/e4eb0e4a240e7496ced2498a467edbc0b8de417cb5e2de2adf96d74976643fa5.jpg,neutral,SFW,clip_laion_probed,8.894061465980485e-05,SFW,2924.3238489999612
/workspace/raw_data/drawings/99cdc3b5169b6c90ba50323c20bd795a9ff0903885f22dbb8ba121f6191aabbb.jpg,drawings,SFW,clip_laion_probed,0.0029986752197146416,SFW,2930.037402999915
/workspace/raw_data/drawings/533b040856849af2137cbf9c579968a07acaad1df9879988f899149ffd30e5d9.jpg,drawings,SFW,clip_laion_probed,0.019401591271162033,SFW,2951.802595999993
/workspace/raw_data/drawings/6e9682d42cf82cbe0e6d4a0b131c32eaa97fa0ed58065f92af699ac21701e570.jpg,drawings,SFW,clip_laion_probed,0.06683892011642456,SFW,2931.165997999983
/workspace/raw_data/porn/6aba7cc8e4f091e6aeeb9c9a79de87ff19e7351e77b962586c297d09d1100d8c.jpg,porn,NSFW,clip_laion_probed,0.9998670816421509,NSFW,2953.091910000012
/workspace/raw_data/neutral/4125348dab34372e24b167890f6cd99efb66f69619a8b652243ccd9a793b59c1.jpg,neutral,SFW,clip_laion_probed,0.3908403217792511,SFW,2933.0923410000196
/workspace/raw_data/neutral/048e422e82b2a14966d5a2073b366b1ff0ebfcf932ccb47f1356744ed8608474.jpg,neutral,SFW,clip_laion_probed,3.799824116867967e-05,SFW,2933.2859379999263
/workspace/raw_data/neutral/f6a62fec77634667299fb1ad6a4d1dac6728a666ac466ced4ca87710055cc020.jpg,neutral,SFW,clip_laion_probed,4.242080467520282e-05,SFW,2937.193570999966
/workspace/raw_data/drawings/5491de01310fd445c499344aa6a46f2e891a4e088e4274d5f2a0964211c9d80a.jpg,drawings,SFW,clip_laion_probed,0.0030343972612172365,SFW,2958.704441000009
/workspace/raw_data/neutral/0faaebdad1b7a0e69d6052c55da9a766b761956f5f283d756ecf1ffb935cf551.jpg,neutral,SFW,clip_laion_probed,6.541371840285137e-05,SFW,2924.145223000096
/workspace/raw_data/drawings/924d17ef16ab83f7bff839ec5b7a4a4a18558664de06e7d38631b8d44e3d1fea.jpg,drawings,SFW,clip_laion_probed,0.004111729096621275,SFW,2931.7613739999615
/workspace/raw_data/porn/7032d24633b2e5c8be4aec4d0302cdea8b864176cdd4df899f74ec217a3a4499.jpg,porn,NSFW,clip_laion_probed,0.9999996423721313,NSFW,2931.602838999993
/workspace/raw_data/hentai/6ea0cd50897cd69a898e06f32bb1c653eda0e2b5c3b4f55edb0545e91bc2b608.jpg,hentai,NSFW,clip_laion_probed,0.8374309539794922,NSFW,2932.2625720000133
/workspace/raw_data/drawings/5d5b51205125c035cdfa0ac4b8f90bb2835826fa39976ba19452d50827a99460.jpg,drawings,SFW,clip_laion_probed,0.004621180240064859,SFW,2909.3633029999637
/workspace/raw_data/hentai/439400.jpg,hentai,NSFW,clip_laion_probed,0.9999946355819702,NSFW,2949.0969309999855
/workspace/raw_data/porn/d56faeaba49bd2b4b9c058675400c0b545c862b2386d867a1783491aedf60345.jpg,porn,NSFW,clip_laion_probed,0.9999997615814209,NSFW,2911.999845999958
/workspace/raw_data/hentai/80750471_p0_master1200.jpg,hentai,NSFW,clip_laion_probed,0.9998985528945923,NSFW,2955.3030569999237
/workspace/raw_data/drawings/223be8eaa3eb8f2326eb9d1f26c9564349c380fd469cb915c89f975e2c4c6d99.jpg,drawings,SFW,clip_laion_probed,0.00035451611620374024,SFW,2909.7985390000076
/workspace/raw_data/porn/ea570557582968474d4f476e81b942bd841195d6462291d82bfe40c825260576.jpg,porn,NSFW,clip_laion_probed,0.9999998807907104,NSFW,2939.726983000014
/workspace/raw_data/hentai/2659422.jpg,hentai,NSFW,clip_laion_probed,0.9994606375694275,NSFW,2947.1843400000353
/workspace/raw_data/porn/7be331a6434a5bad6475bb026c0798f3c9bff77278fae880e6228e0035ba3170.jpg,porn,NSFW,clip_laion_probed,0.9995193481445312,NSFW,2891.9903600000225
/workspace/raw_data/neutral/450b4ca55c88c0e0655ddcbc866eba7ff60ac87b788d475501105f155dc4d9fa.jpg,neutral,SFW,clip_laion_probed,0.001555464114062488,SFW,2964.967265000041
/workspace/raw_data/sexy/19fb181bb91e0531ad0bce79b1769a8a81e86a35e04cedd5b0a8aa037f542a7f.jpg,sexy,NSFW,clip_laion_probed,0.8119824528694153,NSFW,2917.8060020000203
/workspace/raw_data/sexy/5dd67c19fe7bfa6bcac1733ee68336d0eeff1d358c10f2f1b588814eba382df2.jpg,sexy,NSFW,clip_laion_probed,0.9994231462478638,NSFW,2846.755268000038
/workspace/raw_data/sexy/e5a9ab6aa57f343b81bbc109b2f75965bce036cd1063c54cfdb78cdcedae2d43.jpg,sexy,NSFW,clip_laion_probed,0.990770161151886,NSFW,2944.06570000001
/workspace/raw_data/sexy/29fdfdc7106cf8ced330ac953f08fb9818bf1a731505a8172e58869f0a2bcfa2.jpg,sexy,NSFW,clip_laion_probed,0.983644962310791,NSFW,2941.487541000015
/workspace/raw_data/neutral/855ff9a198eb16d55c804545ae485c63a76eb9bd47b9a2992517b22c6cdd74ab.jpg,neutral,SFW,clip_laion_probed,0.028827643021941185,SFW,2901.4177980000113
/workspace/raw_data/hentai/556adc829350787b2fc98347bc821a9818ff6548298fb37a2032a6de02fd1ae6.jpg,hentai,NSFW,clip_laion_probed,0.9978516101837158,NSFW,2965.071695000006
/workspace/raw_data/neutral/2e85171a593464081689daa689ab099ed09ee2b154c0ec7f22db1e108c0b78b7.jpg,neutral,SFW,clip_laion_probed,2.550371027609799e-05,SFW,2980.950552999957
/workspace/raw_data/sexy/69cb544ff2456e67bd60884ee9ed1c3da64bd6f909fcc29a7f3e56ed0c94578c.jpg,sexy,NSFW,clip_laion_probed,0.997645914554596,NSFW,2942.6143680000223
/workspace/raw_data/porn/d2458a1d82cc458d7e30775f83643a6d07813d921a109ac96cca5e1bf2a7ca77.jpg,porn,NSFW,clip_laion_probed,0.9999979734420776,NSFW,2898.387942999989
/workspace/raw_data/porn/a78d5d26f720f10bd300a40c19e5e2de680b6b07cfa61309ce21cbd9064409e9.jpg,porn,NSFW,clip_laion_probed,1.0,NSFW,2913.4193430001005
/workspace/raw_data/hentai/56ab2935159470915a00be7d2e8a458a552128be8f063f7a0a68a0f083be38fa.jpg,hentai,NSFW,clip_laion_probed,0.25028786063194275,SFW,2932.521491999978
/workspace/raw_data/porn/10f6db73454b7650393ce92503b3efa155637af725490f62ee5e2568149de79d.jpg,porn,NSFW,clip_laion_probed,0.9999966621398926,NSFW,2957.1607280000762
/workspace/raw_data/sexy/d2e65ec6afdba0113b57453bc324f8ce2ce54b21f823fb1f3245ff6072d67302.jpg,sexy,NSFW,clip_laion_probed,0.9958505630493164,NSFW,2936.423062000017
/workspace/raw_data/neutral/8f6aa8b3064d9268b801e85b7b0f5273788546708ec3266d2342aeb1e6227e3f.jpg,neutral,SFW,clip_laion_probed,6.666780973318964e-05,SFW,2950.6752009999673
/workspace/raw_data/hentai/da8912430933e55483f79c8e26dbc22a3ccb5189c1bac5e775fe7b2a0241c761.jpg,hentai,NSFW,clip_laion_probed,0.9993521571159363,NSFW,2923.045322000007
/workspace/raw_data/porn/e856a9efb3644698d8d0737379d2bb0461db0eeb5e746d8dde17f126a1c97d63.jpg,porn,NSFW,clip_laion_probed,0.9999995231628418,NSFW,2901.5308570000116
/workspace/raw_data/drawings/9815d986699ca7588af4ee9bebbde0378bc735fcc6aa36c5e5e495685b06bda5.jpg,drawings,SFW,clip_laion_probed,0.02043825574219227,SFW,2926.359748999971
/workspace/raw_data/sexy/b19e5a02b2b2e2215352fef8d56fe12c7ae548b9f6ce5b0c5044ea434a5b81f6.jpg,sexy,NSFW,clip_laion_probed,0.9573698043823242,NSFW,2981.896613999993
/workspace/raw_data/neutral/e2b4c59dedb7f362308127ffd03f7188a6038a9aa9ed6d7656d54348d4b78b5a.jpg,neutral,SFW,clip_laion_probed,8.323052315972745e-05,SFW,2934.917110000015
/workspace/raw_data/sexy/f165f947d7a66428144b83243560ec8fad00e3d716f1f292a5a241fa04b4ae58.jpg,sexy,NSFW,clip_laion_probed,0.9766924381256104,NSFW,2929.394104000039
/workspace/raw_data/neutral/f545a612929a3592b31b58126b17a26243692eb054eef6aec08f48e1d8669127.jpg,neutral,SFW,clip_laion_probed,0.0005295305163599551,SFW,2940.77925900001
/workspace/raw_data/sexy/1aa2735389bf06fbc93ecec5a58ee80593cb740506a01ac421659e3c7e2dc5cc.jpg,sexy,NSFW,clip_laion_probed,0.998711347579956,NSFW,2915.0113160000046
/workspace/raw_data/sexy/fdb78837d91dd12ac415dc75a374c0efc87611a400b887bc583d6823ce0a333f.jpg,sexy,NSFW,clip_laion_probed,0.7613444924354553,NSFW,2932.9440299999305
/workspace/raw_data/drawings/673271e594f8e03700aab5b190add721bf8c54d073096234a526dcd562405cea.jpg,drawings,SFW,clip_laion_probed,0.00034621826489456,SFW,2951.806159999933
/workspace/raw_data/sexy/bb2b0a1a3b22997c85c2d38c812e4c1290dc7e6933b550cd059d2063a35a99f0.jpg,sexy,NSFW,clip_laion_probed,0.9967554211616516,NSFW,3008.2231740000225
/workspace/raw_data/neutral/ed02068528722068bed961dbde3d0bd02839a6f7acc451d11fbd0d62a2c546ec.jpg,neutral,SFW,clip_laion_probed,2.4643437427585013e-05,SFW,2951.564377000068
/workspace/raw_data/neutral/6e536107bbbc522d2c050936bc9dc61295a6e0f0c648c14b0c8a83e6b4900d01.jpg,neutral,SFW,clip_laion_probed,8.055469515966251e-05,SFW,3092.47479499993
/workspace/raw_data/sexy/c7d5ac6505ca8e9034b31b6fee7e43bb0de211fe832177e5a90e49316b4d5aaf.jpg,sexy,NSFW,clip_laion_probed,0.9702200293540955,NSFW,2910.604758999966
/workspace/raw_data/drawings/935648df309fe16f335d23aeab3a0b8a9d334d809799f17dad06d754a5458f30.jpg,drawings,SFW,clip_laion_probed,9.999485337175429e-05,SFW,2897.480342999984
/workspace/raw_data/drawings/ec0535ff59ab59140f980991f17e7df8155d1cb297310b938ea62a86f928db8a.jpg,drawings,SFW,clip_laion_probed,0.0017263530753552914,SFW,2930.4973140000357
/workspace/raw_data/hentai/91904732_p0_master1200.jpg,hentai,NSFW,clip_laion_probed,0.9999223947525024,NSFW,2948.522458999946
/workspace/raw_data/porn/c6d3af878de4f54b211977af78464ff28a64a71d73f29106d1577ffe1a56d0c4.jpg,porn,NSFW,clip_laion_probed,0.9992583394050598,NSFW,2949.2572180000707
/workspace/raw_data/porn/91acb5a85667f0ef6864a1a33a266fa392af65212d3f177243cda7e376f59908.jpg,porn,NSFW,clip_laion_probed,0.9997959733009338,NSFW,2940.270459999965
/workspace/raw_data/porn/1da4746e27099111bce9a56d30f767bbfedd02c457a1a455fe271976b9881cf3.jpg,porn,NSFW,clip_laion_probed,0.9999994039535522,NSFW,2939.459778000014
/workspace/raw_data/sexy/2d4c405c31ffc23d3fd5e6a41c2900ca0126299df4a7aabb84534d83024efcda.jpg,sexy,NSFW,clip_laion_probed,0.9990480542182922,NSFW,3016.084059000036
/workspace/raw_data/sexy/947301a427489d773ad08e7f221e84ba90a4d8662c3a1bfe962e2f25d980ea8b.jpg,sexy,NSFW,clip_laion_probed,0.9915459752082825,NSFW,2935.856646999923
/workspace/raw_data/sexy/de6add97de53ee95fccf7dec125b71933c28774420d9a4ef1c14c0a34b5ff693.jpg,sexy,NSFW,clip_laion_probed,0.9941853880882263,NSFW,2934.6159960000477
/workspace/raw_data/drawings/3ec75295b6e26dcb8481c203085e247fa2114b94b38cb13f4ca674747c35b0d4.jpg,drawings,SFW,clip_laion_probed,0.001097745494917035,SFW,2964.774540999997
/workspace/raw_data/neutral/393283b150ec69cce73a6ba559094fdbc778fca56dd75533ba37664d5f7ff6ad.jpg,neutral,SFW,clip_laion_probed,0.0005630924133583903,SFW,3004.0623170000345
/workspace/raw_data/porn/719c97ddc5aff9a2a0eab048f609715cf94fc820c0f4df57682aa88c29484a78.jpg,porn,NSFW,clip_laion_probed,0.9999995231628418,NSFW,2915.6407830000717
/workspace/raw_data/neutral/6d40eb53704295bf530f05f5862fa6c0be811ac0b1f89db2e38bc7beb2a93a68.jpg,neutral,SFW,clip_laion_probed,0.00040527660166844726,SFW,2990.922640000008
/workspace/raw_data/sexy/9a2e359ef9a0232b5157138791114e2b3f66e93d31ff9d5955673643269758a7.jpg,sexy,NSFW,clip_laion_probed,0.9999194145202637,NSFW,2929.2851659999997
/workspace/raw_data/hentai/93250783_p1_master1200.jpg,hentai,NSFW,clip_laion_probed,0.9999549388885498,NSFW,2938.54787500004
/workspace/raw_data/neutral/834cc2870b3ee754c551fed59fd698c976cc03101f745e8ea7b0e6995ebe1a14.jpg,neutral,SFW,clip_laion_probed,0.0009701002854853868,SFW,2933.237319
/workspace/raw_data/hentai/b3e4d24a195f345097933a7d671dd53d41bae1def327a05b2a678e20db7a186e.jpg,hentai,NSFW,clip_laion_probed,0.997722327709198,NSFW,2915.5888489999597
/workspace/raw_data/drawings/77f289354e47ed8049bbc79fc66c1339e7e4310c05cc47d348d0bbfadf37cdf8.jpg,drawings,SFW,clip_laion_probed,0.02189026027917862,SFW,2909.530890000042
/workspace/raw_data/neutral/3e6ae4b7bcb1c8206e547fb8bb9ade6bc582ad526ad4290d24efee6a3be9b5eb.jpg,neutral,SFW,clip_laion_probed,0.0006118471501395106,SFW,2947.4904280000374
/workspace/raw_data/hentai/611620.jpg,hentai,NSFW,clip_laion_probed,0.22719693183898926,SFW,2932.9089519999343
/workspace/raw_data/hentai/7a8f115ec5158e88f5e6a53868fbabecec46754c1f87cfab7dde89300effff4c.jpg,hentai,NSFW,clip_laion_probed,0.9454963207244873,NSFW,2948.0046620000167
/workspace/raw_data/drawings/4c0abf2f5a3b48b57af18876165da5e36beedc1edf1a42a82dfc8c8293ee4b23.jpg,drawings,SFW,clip_laion_probed,0.8432040810585022,NSFW,2896.067185999982
/workspace/raw_data/hentai/e211f23514c566093c735693526297cab6ec019870a165970abd09b33633192d.jpg,hentai,NSFW,clip_laion_probed,0.9920329451560974,NSFW,3076.340223000102
/workspace/raw_data/hentai/1240181.jpg,hentai,NSFW,clip_laion_probed,0.9976848363876343,NSFW,2970.0474840000197
/workspace/raw_data/neutral/50e7d0824e908ca8a942f32fa439291bfdf256e69a34fc1fc245e1a8d8dbf0b0.jpg,neutral,SFW,clip_laion_probed,0.0030113125685602427,SFW,2902.1527599999217
/workspace/raw_data/neutral/8d9210720d23ddc10362302ad0505fd3d1a2bcbc8c88a2f92a7b020dbc38f0f7.jpg,neutral,SFW,clip_laion_probed,1.701869405223988e-05,SFW,2959.703133000062
/workspace/raw_data/drawings/f63c830c3c61d1582ec4aec8369f31f430c3da38790b31805fb31fbba3d1b1c3.jpg,drawings,SFW,clip_laion_probed,0.027763551101088524,SFW,2966.098197000065
/workspace/raw_data/hentai/95027949_p0_master1200.jpg,hentai,NSFW,clip_laion_probed,0.9989435076713562,NSFW,2903.458506999982
/workspace/raw_data/porn/7528cbbc76c73fd6b68f1bd2a3cb02704110714d3e16c191e661b2fcc88a59f7.jpg,porn,NSFW,clip_laion_probed,0.999311089515686,NSFW,2978.4207809999543
/workspace/raw_data/hentai/2799548.jpg,hentai,NSFW,clip_laion_probed,0.9999951124191284,NSFW,2995.1177990000133
/workspace/raw_data/drawings/b30faa800bed4f6d0a8dbd731de23bb0561401ea64071ad061c9b0d6120a10de.jpg,drawings,SFW,clip_laion_probed,0.5522159337997437,NSFW,3050.2279300000055
/workspace/raw_data/neutral/6d4b1afa68e9492d720323cf6d6f92ddc1ec4f60e1a56d2a83e1dce0e71e988a.jpg,neutral,SFW,clip_laion_probed,7.1595286499359645e-06,SFW,2939.4702829999915
/workspace/raw_data/neutral/173674a6137545cefe1fa927b9b3a2c809bad2e5c0e486ed29efc1255ba2898d.jpg,neutral,SFW,clip_laion_probed,5.0856455345638096e-05,SFW,2995.535837000034
/workspace/raw_data/hentai/3c8b8af53aba9ff90899a03e6c66a415fac98d9f37c9cf56e6a6fab1a1184022.jpg,hentai,NSFW,clip_laion_probed,0.9996147155761719,NSFW,2919.1093489999957
/workspace/raw_data/hentai/821230c381de60af561bb46417c0bc3547ba0937aeef177ec0dbc09770043130.jpg,hentai,NSFW,clip_laion_probed,0.9984596967697144,NSFW,2968.8655039999503
/workspace/raw_data/hentai/3a0bff306197030034c546dd16124c611394fa16a6dcc11693068757deccede0.jpg,hentai,NSFW,clip_laion_probed,0.5998135805130005,NSFW,2905.2863289999777
/workspace/raw_data/porn/837cfaffc062d999450ca1ffc3a713f11f06cbf37f76a73618d0c7bc168b1d68.jpg,porn,NSFW,clip_laion_probed,0.9999994039535522,NSFW,3040.448660000038
/workspace/raw_data/neutral/8c2bbea8ea378842fd4f99f7e9f484b9404904aa961caad692b792b4b63ce05f.jpg,neutral,SFW,clip_laion_probed,6.494498848041985e-06,SFW,2953.228192000097
/workspace/raw_data/neutral/d34b8f2d20ec8a34504a049f15cc46549af6365d8ab020e07eda6287a8a6b59c.jpg,neutral,SFW,clip_laion_probed,6.412259153876221e-06,SFW,2945.8122599999115
/workspace/raw_data/porn/2fa8df5ea7065e595cc6316948d24481af9d0901807a10a7cd1531ae41c8055a.jpg,porn,NSFW,clip_laion_probed,0.9999994039535522,NSFW,2901.954972999988
/workspace/raw_data/porn/9f92fb11b9d2fe13b268c5775c63496177f7db8aa475bc1380260300024171df.jpg,porn,NSFW,clip_laion_probed,1.0,NSFW,2924.1190960000267
/workspace/raw_data/sexy/7e363c6add681440ddd1e15d65c7920c0d2f6d0e30069a73289f4a584dd68afd.jpg,sexy,NSFW,clip_laion_probed,0.9861315488815308,NSFW,2820.269588999963
/workspace/raw_data/drawings/1435cdb912446c21704046edb2915f177b944267450825ce16c8d33ab8691cae.jpg,drawings,SFW,clip_laion_probed,0.0016001710901036859,SFW,3373.6703969999553
/workspace/raw_data/porn/9d3c4e21212325638b8b7727aa4c1dc0fe6ab2f91b7b2d82dfd1e51745d14b8f.jpg,porn,NSFW,clip_laion_probed,0.9999998807907104,NSFW,2870.75685100001
/workspace/raw_data/drawings/8d685a209c62c96cc91f87fc8e2e94536c9827640fa761cab755adbd7c558246.jpg,drawings,SFW,clip_laion_probed,0.008890204131603241,SFW,2810.4716750000307
/workspace/raw_data/drawings/28d0a99992910eccae7ab3ac3db4340f28856b8421349195543e241d861e1a0f.jpg,drawings,SFW,clip_laion_probed,0.0008415731135755777,SFW,2902.8350090000004
/workspace/raw_data/hentai/1624758.jpg,hentai,NSFW,clip_laion_probed,0.9999291896820068,NSFW,2932.0722859999933
/workspace/raw_data/hentai/1179343.jpg,hentai,NSFW,clip_laion_probed,0.114566870033741,SFW,2926.7877160000353
/workspace/raw_data/drawings/7e7c1d9929bf2c50713a5f5e8d57a367aa70455d385702dbcd41d4bd0e082d23.jpg,drawings,SFW,clip_laion_probed,0.001264600781723857,SFW,2960.0767680000217
/workspace/raw_data/neutral/d0d65a0d59a0a544ce3149975d4fbf44b75308f523cf1b7f0d15a7f1c245e4b9.jpg,neutral,SFW,clip_laion_probed,1.4932170415704604e-05,SFW,2910.702164999975
/workspace/raw_data/drawings/1863740322138b86eaac12bcd042fb86ee6b3c770901c7f59c8b64fd1366bf04.jpg,drawings,SFW,clip_laion_probed,0.006924910936504602,SFW,2929.762273000051
/workspace/raw_data/neutral/f3fd32aa641dc7e80f3a1def68004031c804ade60ab9b318b0d8c03a63e10d12.jpg,neutral,SFW,clip_laion_probed,3.536832446116023e-05,SFW,2954.6222359999774
/workspace/raw_data/drawings/931bf9785d1db5fdce60993990d9762543c920e30a750e2341e2b073c6b3ec76.jpg,drawings,SFW,clip_laion_probed,0.00010899768676608801,SFW,2963.654604999988
/workspace/raw_data/sexy/96a0c00bfce7169f9dcc52ad9e3d1bbb4cae201c53125c941b372ef4c6e7bc8c.jpg,sexy,NSFW,clip_laion_probed,0.999593198299408,NSFW,2921.843523000007
/workspace/raw_data/sexy/d1f67ab3830a464ed1fa579b97dcd6fe5610d431f31d9c44510830020236ef60.jpg,sexy,NSFW,clip_laion_probed,0.9971528053283691,NSFW,2916.734510000083
/workspace/raw_data/neutral/67831333eca6567b0981045f4034bb84def09b945cf8c3e9a1955c69a6532802.jpg,neutral,SFW,clip_laion_probed,0.0004244022711645812,SFW,2921.8536980000636
/workspace/raw_data/drawings/e0112a45a1f8c4ddce7ac3a712e743c33c6bd86a252a7c0e455f0122ff226892.jpg,drawings,SFW,clip_laion_probed,0.007549373898655176,SFW,2948.3553110000003
/workspace/raw_data/drawings/666acb30080ad5218490364a6154adf558e8556e855f6b8d004d5605ca4d81d0.jpg,drawings,SFW,clip_laion_probed,3.4248785141244298e-06,SFW,2914.6299779999936
/workspace/raw_data/sexy/a051ae1257ab96627acd134543663d6fd71b91e298166b9fe9a11973ece350b7.jpg,sexy,NSFW,clip_laion_probed,0.9662902355194092,NSFW,2938.3578649999436
/workspace/raw_data/hentai/fc15d5b496a994ab47aad72c18aefbafcca9707f939383b5985a58c681a5e32c.jpg,hentai,NSFW,clip_laion_probed,0.15351533889770508,SFW,2920.9369440000046
/workspace/raw_data/porn/a82cb0ddf649b7fd682f1a3f1b1537003f2380a306ef718a91dea319e2a237ec.jpg,porn,NSFW,clip_laion_probed,0.9999938011169434,NSFW,2932.6131569999916
/workspace/raw_data/neutral/80d6c5233c870eabe0415cc84485c8db086b7c718a8a867d81c0dd155a20c2c9.jpg,neutral,SFW,clip_laion_probed,0.000289197254460305,SFW,2978.6904210000102
/workspace/raw_data/drawings/2ab8d99a7cd8be71beab9bf8213be1e5d2a6080970d3094857fc2d36bf24be11.jpg,drawings,SFW,clip_laion_probed,0.0017836594488471746,SFW,2937.15338100003
/workspace/raw_data/hentai/9695977bb14dd89bb4b011b2a4f848414677be4e2d4727c8899c12252a9b334b.jpg,hentai,NSFW,clip_laion_probed,0.9997709393501282,NSFW,2914.747790999968
/workspace/raw_data/hentai/ad640f18a1442e6a3b3643303e1822d6e43ade4587ec3f082260e4a5e693245f.jpg,hentai,NSFW,clip_laion_probed,0.4911830723285675,SFW,2919.8563410000133
/workspace/raw_data/neutral/e8dfe0068fb0075ca67743667a7e79b6b1b32cc34ecce4388434527798f9c627.jpg,neutral,SFW,clip_laion_probed,0.00024039957497734576,SFW,2910.085616999936
/workspace/raw_data/hentai/313889.jpg,hentai,NSFW,clip_laion_probed,0.9960667490959167,NSFW,2985.798353000064
/workspace/raw_data/sexy/7f92d8acf5c49c56f00d75568f8ba9ede440a54b6c24b0785d0d72d22e83c2d3.jpg,sexy,NSFW,clip_laion_probed,0.9995347261428833,NSFW,2943.5222969999586
/workspace/raw_data/neutral/dd4e102a0cc82355be7317d8f590933c637739dc97b3d9158375f5e26a766ccd.jpg,neutral,SFW,clip_laion_probed,0.0010066815884783864,SFW,3017.0679909999762
/workspace/raw_data/hentai/9e5db5096c163e5756e762f3f95bad1f8e994f03f94cd79c1fb37591a80a0780.jpg,hentai,NSFW,clip_laion_probed,0.9999585151672363,NSFW,2966.8939279999904
/workspace/raw_data/sexy/aec5abea6617df5cd1fdff3f61beb51b5abe6e231deb7013b34a9c79fd0fdd74.jpg,sexy,NSFW,clip_laion_probed,0.9942359328269958,NSFW,2980.277239999964
/workspace/raw_data/sexy/444e4dec6fed12259ca4ba51bd93a912fd0a5f34afb35c9bd7d113107b4bdb77.jpg,sexy,NSFW,clip_laion_probed,0.9996225833892822,NSFW,2922.0565030000216
/workspace/raw_data/drawings/48917552c36fb97fbdd87c44e54562535200288acbffe3e0bbb113c0e05dc917.jpg,drawings,SFW,clip_laion_probed,0.1788342446088791,SFW,2960.3517990000228
/workspace/raw_data/drawings/c2fcd390190f96ff0f5d98fd7f036c96537e2ea77a8960232905c39bfcbe35be.jpg,drawings,SFW,clip_laion_probed,0.007750713266432285,SFW,3259.349338999982
/workspace/raw_data/hentai/94945957_p0_master1200.jpg,hentai,NSFW,clip_laion_probed,0.9595310688018799,NSFW,3103.772403999983
/workspace/raw_data/sexy/d2616c8b9e08a2b0ad4a925eb74330ce084fe0f16bbfea50893797780d1b7341.jpg,sexy,NSFW,clip_laion_probed,0.9990322589874268,NSFW,3002.181400999916
/workspace/raw_data/porn/9f5e45cfdff1ffd88e2f140166c0d3e5157331a4d38160831492ead2fb9d8e22.jpg,porn,NSFW,clip_laion_probed,0.9999997615814209,NSFW,2983.212615999946
/workspace/raw_data/neutral/c09bc21f3965a7abeeee0cb321dca4c9ff5b98c5785a0170855462677ff7e2a9.jpg,neutral,SFW,clip_laion_probed,3.498619844322093e-05,SFW,2972.3329420000937
/workspace/raw_data/drawings/c6e5a20d58fd520f079725dae2e24f9e07c037f140c30cde43a483ad5d02acca.jpg,drawings,SFW,clip_laion_probed,0.0037460022140294313,SFW,2946.2095520000275
/workspace/raw_data/porn/4ff53c96950e871a171dd861d48bd97867d2c50c184fd2c7049ea13641e4f7de.jpg,porn,NSFW,clip_laion_probed,0.9999908208847046,NSFW,2926.919868999903
/workspace/raw_data/sexy/6bfda7bd5dbf41b52566acf30802c9653ee5385274edc1437eb6dc19b3eae9fd.jpg,sexy,NSFW,clip_laion_probed,0.9986752867698669,NSFW,2918.423741999959
/workspace/raw_data/neutral/b0d81e7e31ebdab3da2b1ff0f3aa4a1a37deded6704a50e73f07bce390946889.jpg,neutral,SFW,clip_laion_probed,0.00024778980878181756,SFW,2924.5970380000017
/workspace/raw_data/neutral/14c7d992e36a1567eafe0f915b539863e533e2e3c2d4b1e82b7558d792e40d46.jpg,neutral,SFW,clip_laion_probed,6.654674507444724e-05,SFW,2914.1150820000803
/workspace/raw_data/hentai/d061516084933e4456e7aa70bd8e7e69a4dd1236f022b5f2ff79091c687a8d94.jpg,hentai,NSFW,clip_laion_probed,0.995750904083252,NSFW,2932.944806000023
/workspace/raw_data/porn/c2d7580de7693877d9dd3e79c3660ed331d54bf3a1a5061d502f3ceb1f6cd043.jpg,porn,NSFW,clip_laion_probed,0.9999996423721313,NSFW,2943.8816890001362
/workspace/raw_data/sexy/cb106dfd4034deb1b4d86aad9b7bc1fbedad8ffd6a18f8cb8a89a63d05604ab3.jpg,sexy,NSFW,clip_laion_probed,0.9915498495101929,NSFW,2910.228298999982
/workspace/raw_data/neutral/98062c51e3e7857af62fcff78b1b0c7d220821d74593a093b2c0e53d5e8a9290.jpg,neutral,SFW,clip_laion_probed,0.00024759190273471177,SFW,2938.1750410000222
/workspace/raw_data/hentai/5710978.jpg,hentai,NSFW,clip_laion_probed,0.9997268319129944,NSFW,2925.0045249998493
/workspace/raw_data/hentai/5cfa8841231df7cbbc492db2d0dd81759966b6dab0eeaaf811307be2671f0af2.jpg,hentai,NSFW,clip_laion_probed,0.999158501625061,NSFW,2898.362227000007
/workspace/raw_data/hentai/5447880.jpg,hentai,NSFW,clip_laion_probed,0.9991239905357361,NSFW,2911.0708750001777
/workspace/raw_data/porn/efba359009c9e1fb3260b0e1a0ed1a3b0835d01e3d19a0bcb55c3e2cbdd25e7a.jpg,porn,NSFW,clip_laion_probed,0.9999998807907104,NSFW,3414.6307089999937
/workspace/raw_data/neutral/c6a66c09ca68c414622834755c59df599a49f521a9b5d43ac02fde0a19c02484.jpg,neutral,SFW,clip_laion_probed,5.9731763030868024e-05,SFW,3145.6018169999425
/workspace/raw_data/sexy/7a33ea49ac29732ba177c72982748d38035cd5a2fe65df96ca8c65505610721a.jpg,sexy,NSFW,clip_laion_probed,0.9999418258666992,NSFW,3076.7572330000803
/workspace/raw_data/hentai/6362e774d9d7cecb95c241a0ac937001401fd4b02e9e59eb03803c2e5e82f37b.jpg,hentai,NSFW,clip_laion_probed,0.9985114932060242,NSFW,3318.976865999957
/workspace/raw_data/neutral/eec70d8cbd69dd8873535199cc0c0dabbba90e9a40fa74c20d0ade0e75bd725e.jpg,neutral,SFW,clip_laion_probed,8.057897503022105e-05,SFW,3064.0493229998356
/workspace/raw_data/drawings/2b0bd4cf41b08422d370858f3458e0ad158deeebce277496596a63caec287b6b.jpg,drawings,SFW,clip_laion_probed,0.011105097830295563,SFW,2967.7769899999475
/workspace/raw_data/hentai/3673213.jpg,hentai,NSFW,clip_laion_probed,0.9799821376800537,NSFW,3174.2685190001794
/workspace/raw_data/neutral/ebffb3fbf77d603fd0a7da1a4193f76af1114a24271489547a1d04c8435dc528.jpg,neutral,SFW,clip_laion_probed,9.655504840111462e-08,SFW,3010.6438520001575
/workspace/raw_data/drawings/f8898ffb483718c9c99245fae0463b4a66d4f668308ee5e5e081983a39d2bb30.jpg,drawings,SFW,clip_laion_probed,0.0365385003387928,SFW,2998.745615999951
/workspace/raw_data/porn/37c634c92c47c5a6a6ceb2712b630c2c8c69d9f782e58a3781ad766b17696945.jpg,porn,NSFW,clip_laion_probed,0.9999996423721313,NSFW,3047.094687000026
/workspace/raw_data/drawings/3473fccc51a40260076844bb75341382cc11d08732b04646dd25b26348c896b9.jpg,drawings,SFW,clip_laion_probed,0.0007441710913553834,SFW,2994.297428999971
/workspace/raw_data/porn/58f498add1a468bb02e57165decba0aadbca75a6184ebf93d0817aca5cf7591c.jpg,porn,NSFW,clip_laion_probed,0.9999998807907104,NSFW,3459.410546000072
/workspace/raw_data/neutral/d282c3d7aab4baabbad209d62996d2c9bceb0d2d2fdb96f60fc6fcced8606c94.jpg,neutral,SFW,clip_laion_probed,0.0011469152523204684,SFW,3300.8657770001264
/workspace/raw_data/porn/2b282d33172104999e5c7b612fd3354f76941ce69d1fa28cb10a0f0d1f3bb4d5.jpg,porn,NSFW,clip_laion_probed,0.999790608882904,NSFW,3561.4325510000526
/workspace/raw_data/neutral/f71ad18ad2da21ee912722ef1d8aadae14fb27286cb40b457f2afbceddd0706f.jpg,neutral,SFW,clip_laion_probed,1.5446028555743396e-05,SFW,3375.3226930000437
/workspace/raw_data/sexy/73d469e4dddbf762cd487e3ef28bdf7c6f86d6b34cc91f311a56b0ff61b66721.jpg,sexy,NSFW,clip_laion_probed,0.9990047812461853,NSFW,3582.6765570000134
/workspace/raw_data/porn/08805f043ff36fc8f6253de6bbca090f1112cdac621cc8078c74b4ed164b552b.jpg,porn,NSFW,clip_laion_probed,0.9999806880950928,NSFW,3069.8223299998517
/workspace/raw_data/hentai/102414722_p2_master1200.jpg,hentai,NSFW,clip_laion_probed,0.9976008534431458,NSFW,3058.905305000053
/workspace/raw_data/sexy/5aa1f923f27a49b06e0534f843969711cd7f910e318091d6be327c86f3e4a848.jpg,sexy,NSFW,clip_laion_probed,0.9999656677246094,NSFW,2943.0795939999825
/workspace/raw_data/hentai/a9dcb3a65d176ecc4aeb45103cd493154327b96dbcd8c5c003ee67dbe1896998.jpg,hentai,NSFW,clip_laion_probed,0.8532418608665466,NSFW,2996.9399330000215
/workspace/raw_data/hentai/102514907_p0_master1200.jpg,hentai,NSFW,clip_laion_probed,0.9999157190322876,NSFW,2968.16320500011
/workspace/raw_data/sexy/8dfea627a445d1a2d4e3cecc63a39b84100a7409343d0ac4d856c4aee9d84f26.jpg,sexy,NSFW,clip_laion_probed,0.787933349609375,NSFW,3002.077956999983
/workspace/raw_data/drawings/8e89f40a8b0d33777ab04972a7c07a9b39823274ea105abb9ab3db12aef94012.jpg,drawings,SFW,clip_laion_probed,0.00278726895339787,SFW,2934.5706720000635
/workspace/raw_data/hentai/febefcb6fccc3cb9024462406b31aec86ec0af5101363ae94456d43b9cff2d49.jpg,hentai,NSFW,clip_laion_probed,0.8050978779792786,NSFW,3035.83489499988
/workspace/raw_data/porn/51a59eb8b19f229e1b2fce56b7b07efac2aa57183c2d08d51288a38217acdf78.jpg,porn,NSFW,clip_laion_probed,0.9999996423721313,NSFW,3007.5300269998024
/workspace/raw_data/sexy/17b43552dd982b745405bda030170df01b7eca18fb1af209c5d3330d122d122f.jpg,sexy,NSFW,clip_laion_probed,0.9994996786117554,NSFW,3089.384609000035
/workspace/raw_data/neutral/533e4418c85f844e39987cddbca38464c90f88cc59debdd72406017915cc72ee.jpg,neutral,SFW,clip_laion_probed,6.26399071279593e-07,SFW,3051.635957000144
/workspace/raw_data/porn/30eaae63930e1e27239940925dcd05e919ec57418dba12b5abe16dc732807d93.jpg,porn,NSFW,clip_laion_probed,0.9999997615814209,NSFW,2886.8593049999163
/workspace/raw_data/porn/8f9c379441094611c49e74ecd8352e74e7f072bdb8a733e2a8a76ec1aeaa65d8.jpg,porn,NSFW,clip_laion_probed,0.9999998807907104,NSFW,2990.3335860001334
/workspace/raw_data/hentai/47e95bd536d1f97204a68c9f8ba579ff51cd052075bc2c9ab3c5be2cdacdf2a7.jpg,hentai,NSFW,clip_laion_probed,0.9979276657104492,NSFW,2961.1424830000033
/workspace/raw_data/neutral/e89b1dc4f143f26f7f54ca8776edb63e9d2ef22b40bc2ae073832ad580cabf0f.jpg,neutral,SFW,clip_laion_probed,0.01492631807923317,SFW,2953.601054000046
/workspace/raw_data/hentai/88950911_p0_master1200.jpg,hentai,NSFW,clip_laion_probed,0.999394416809082,NSFW,2983.820734000119
/workspace/raw_data/sexy/748e4fbdd8d152f381300db6a86599b5ab10f9df6a73536a0946c812d0c504f7.jpg,sexy,NSFW,clip_laion_probed,0.9985563158988953,NSFW,3000.972703000116
/workspace/raw_data/hentai/4068500.jpg,hentai,NSFW,clip_laion_probed,0.9999082088470459,NSFW,3003.97787299994
/workspace/raw_data/drawings/0250f031278ab6f6ca5cb9b63dee30ae00a339221daf5d6ecdf9ecafffaac2ea.jpg,drawings,SFW,clip_laion_probed,0.0001718695421004668,SFW,2967.3890849999225
/workspace/raw_data/neutral/4c504fda8e9e5d915823b753473559ffc8f300845180ff67aa0d6454ccebe11d.jpg,neutral,SFW,clip_laion_probed,5.0624341383809224e-05,SFW,2977.3926349998874
/workspace/raw_data/hentai/142017.jpg,hentai,NSFW,clip_laion_probed,0.23147372901439667,SFW,3044.950665000215
/workspace/raw_data/neutral/b4be18554504ae81e047a0cd71337181f0d987eb71731eb81aae535813551985.jpg,neutral,SFW,clip_laion_probed,0.00016997900092974305,SFW,3060.5159909998747
/workspace/raw_data/sexy/63571b03c35480580849c264d9e2b3ba5b7b8f2d0089b61acf057dc4ca5b6be9.jpg,sexy,NSFW,clip_laion_probed,0.9998847246170044,NSFW,2976.995737999914
/workspace/raw_data/sexy/2cc6db566e1f1641a2b96b6bb3416f6054ead2713805084676677f2ccfea1e3d.jpg,sexy,NSFW,clip_laion_probed,0.9998716115951538,NSFW,2948.797361000061
/workspace/raw_data/drawings/54a75360c260ca37a726453ef68ab22677bbd5b8d48c737d649b4ca87b6e2a3e.jpg,drawings,SFW,clip_laion_probed,0.0057757836766541,SFW,2992.440145000046
/workspace/raw_data/neutral/f53df046ad4f6bf885944d00fe2d6cea67059164d9ca5fdf8423b2084ac862f0.jpg,neutral,SFW,clip_laion_probed,8.689105015946552e-06,SFW,3008.5939470000085
/workspace/raw_data/hentai/78426581_p2_master1200.jpg,hentai,NSFW,clip_laion_probed,0.9999569654464722,NSFW,3042.3404999999093
/workspace/raw_data/hentai/86a1ed28271ced23e6ab0cd99dca1549ebeb79bb9041299e324e4735dc2abe9c.jpg,hentai,NSFW,clip_laion_probed,0.9765440225601196,NSFW,2947.646635999945
/workspace/raw_data/neutral/e165e433c53b611102b7b48c33cda05fe0652566a0ecc47624fa0ea34d3d5f7b.jpg,neutral,SFW,clip_laion_probed,2.3535524178441847e-06,SFW,2907.3578089999046
/workspace/raw_data/porn/69b28d7608ff5da8c43326a0037b6b511edbabe5684ca5a132d320bca6c50738.jpg,porn,NSFW,clip_laion_probed,0.9999948740005493,NSFW,2962.5492770001074
/workspace/raw_data/sexy/a6fb15f4c00e677d67fe979f2aa5448dbf4e61571df437432a4a38288f68619c.jpg,sexy,NSFW,clip_laion_probed,0.9998051524162292,NSFW,2985.31637699989
/workspace/raw_data/hentai/9396b8537eaa3f3eae4f0164e3448775727296d609d509b14ddc36696a7642c8.jpg,hentai,NSFW,clip_laion_probed,0.8202195763587952,NSFW,3055.191720000039
/workspace/raw_data/porn/9d432f18304acffce12b83a570bbceab525c8d3c2a11c74d672d0adeebf999f9.jpg,porn,NSFW,clip_laion_probed,0.9999979734420776,NSFW,3034.3859300000986
/workspace/raw_data/hentai/0d759280c9a3a821f8f4c584cfd696f7f65e4a2d2050ccf36d4f59ba7668a387.jpg,hentai,NSFW,clip_laion_probed,0.9106308221817017,NSFW,3024.383476999901
/workspace/raw_data/sexy/bf4de9bd78a1b773ccb46aa50259eed7be8a610233b3d7193a869b7646a359b3.jpg,sexy,NSFW,clip_laion_probed,0.9877784848213196,NSFW,2956.4519460000156
/workspace/raw_data/porn/c7b3ac1de2dc5643066bc9d3e45296c864abe89b841fb1cdb33df6a70df5a520.jpg,porn,NSFW,clip_laion_probed,0.9999399185180664,NSFW,3011.8060629999945
/workspace/raw_data/porn/176c1c7721d90a259998f5980dd674bbe7f9d5755d010edee9653616dae8ee1a.jpg,porn,NSFW,clip_laion_probed,0.9999992847442627,NSFW,2971.7692280000847
/workspace/raw_data/hentai/69232516_p1_master1200.jpg,hentai,NSFW,clip_laion_probed,0.7193204760551453,NSFW,3013.8790190001146
/workspace/raw_data/hentai/5403732.jpg,hentai,NSFW,clip_laion_probed,0.9897733330726624,NSFW,3025.8162430000084
/workspace/raw_data/sexy/c1bd7be69ddff7fbfd38bebbe0491b89dd1306cb8f804ee6e82b3f69d4aefc3b.jpg,sexy,NSFW,clip_laion_probed,0.9919506311416626,NSFW,3017.6412870000604
/workspace/raw_data/neutral/6283c5b31fccd5ad3cfe4767779dfd11de157cf71716e40513d60d37d73921a6.jpg,neutral,SFW,clip_laion_probed,0.0012239908101037145,SFW,3026.959548999912
/workspace/raw_data/porn/b377dd6abc15cfb05db2afa9497593df422e4170a2186a189bb501489137ec48.jpg,porn,NSFW,clip_laion_probed,0.9999998807907104,NSFW,2962.4237489999814
/workspace/raw_data/drawings/4cc2f95868ebb525ed528bfd0d63b5d113fa73ea52e04fd391dacc06916cbd6f.jpg,drawings,SFW,clip_laion_probed,5.5747867008903995e-05,SFW,3011.889287000031
/workspace/raw_data/drawings/18b478e5e3112a7258e67ab504f0a940d9e366972a27ff11cc2cf0ff1e334b37.jpg,drawings,SFW,clip_laion_probed,0.0026541256811469793,SFW,3013.535298000079
/workspace/raw_data/hentai/292888.jpg,hentai,NSFW,clip_laion_probed,0.9999936819076538,NSFW,2990.082293999876
/workspace/raw_data/hentai/4566979.jpg,hentai,NSFW,clip_laion_probed,0.9998316764831543,NSFW,2996.4343869999084
/workspace/raw_data/porn/8aa11ac7c3c1cfe8d30d08b8e5643f8ba02156445e23fd8ffc23ccb81c82f09e.jpg,porn,NSFW,clip_laion_probed,0.9990209341049194,NSFW,3097.637989000077
/workspace/raw_data/sexy/53a5c2e637cd11a591cfa45e3054c440d50acca69d70688afb058960891808e0.jpg,sexy,NSFW,clip_laion_probed,0.9973590970039368,NSFW,3038.0147670000497
/workspace/raw_data/drawings/b0655c2bd4de4229ca8423a45c99c0c7f62750109da7a862c2078f0a878f7895.jpg,drawings,SFW,clip_laion_probed,0.0016877835150808096,SFW,3514.5356880000236
/workspace/raw_data/drawings/0273c9497ae0bf0d730d8bc73699c5559889bcfa1c0a7a17177da9285dfedc02.jpg,drawings,SFW,clip_laion_probed,0.00010215168731519952,SFW,3484.748499000034
/workspace/raw_data/sexy/10baa5ec29d1b8c4c54797904432caa14a221e391cc398971089e3525fdfcc7b.jpg,sexy,NSFW,clip_laion_probed,0.975888729095459,NSFW,3405.495557999984
/workspace/raw_data/porn/6660b4fa7a4d048402ce6ca04a45c260f00731c60a980e916b60cc40f8d8a530.jpg,porn,NSFW,clip_laion_probed,0.9999994039535522,NSFW,3377.2977870000886
/workspace/raw_data/drawings/4e772e88414ebacafa4c9c21cbcf4a854633693c3ad7b781ec3d793ad66386ee.jpg,drawings,SFW,clip_laion_probed,0.09478897601366043,SFW,3372.4702279998837
/workspace/raw_data/hentai/1908958.jpg,hentai,NSFW,clip_laion_probed,0.9999806880950928,NSFW,3463.5467179998614
/workspace/raw_data/porn/44d48ee9fbbc32de8b6c7a490322826ae8d1dcb7a79bc2106447c9a3c8b85b69.jpg,porn,NSFW,clip_laion_probed,0.9990003705024719,NSFW,2942.511523000121
/workspace/raw_data/porn/77d0efcb6731f848106375cc9ad7fe697b3abd96a9262dc0cbedbeb40e7ad801.jpg,porn,NSFW,clip_laion_probed,0.999964714050293,NSFW,2932.0488640000804
/workspace/raw_data/drawings/e0318a21bbdcdfd6329cbf923d7014b61fe0ff2417e3bc0b9b4d4e3b6c6e8e91.jpg,drawings,SFW,clip_laion_probed,0.001015014247968793,SFW,3026.56348000005
/workspace/raw_data/porn/ddba39dba87b70cdb7a1c1059f52052570b665a3e6b2a5ddca0367fa463075b4.jpg,porn,NSFW,clip_laion_probed,0.9999992847442627,NSFW,3004.6197950000533
/workspace/raw_data/porn/9de34128e814b4df86893a206f925a8e8ff345d66708575221c3ba65ed2dfb32.jpg,porn,NSFW,clip_laion_probed,0.9999854564666748,NSFW,3052.5880820000566
/workspace/raw_data/sexy/ac03bd963c384e7d2f97212e15ddc6dedadd4aff71146d09ed6c13544fb66830.jpg,sexy,NSFW,clip_laion_probed,0.9972438812255859,NSFW,3362.086465999937
/workspace/raw_data/drawings/ce4801b79dce26edccbeed3f0fc2248eb46d4ce047e05b959db8c3503d2308bd.jpg,drawings,SFW,clip_laion_probed,0.009535855613648891,SFW,3027.8786769999897
/workspace/raw_data/hentai/47b384f58aa43a1d8ae8e7728807107ca5059dc5f63e65bf7c9a7267fd83ef50.jpg,hentai,NSFW,clip_laion_probed,0.9918434023857117,NSFW,3059.9335350000274
/workspace/raw_data/drawings/2634852ad10526f02d7e1c32d9d478d026729ed915e8a31de681140e81ef2959.jpg,drawings,SFW,clip_laion_probed,0.026260413229465485,SFW,3036.931101000164
/workspace/raw_data/neutral/2a25a1f4cea69d12fb02e3f0b4008565a17e9645d2234ad2343756bb9f3b1eb0.jpg,neutral,SFW,clip_laion_probed,1.184183133773331e-07,SFW,3021.293820999972
/workspace/raw_data/sexy/05b116370b6655de52003d048ddfe4fdcb01e5edea77a3f0ba58c81b5dbad90e.jpg,sexy,NSFW,clip_laion_probed,0.7499784827232361,NSFW,3024.3076120000296
/workspace/raw_data/neutral/30045178d17950d328dfcebe05c8aacd885f3d0884732d981d25dc50bdb513ce.jpg,neutral,SFW,clip_laion_probed,6.51022446618299e-06,SFW,3010.8693249999305
/workspace/raw_data/sexy/ee77fca029875b844b0141c38043b09ca169c7eb08622cb0fdec1dd4403a0ee1.jpg,sexy,NSFW,clip_laion_probed,0.9930693507194519,NSFW,3554.4923470001777
/workspace/raw_data/porn/5513f4d2217fe027eed2dc0a9a0666bded47185672d098e405428dd1341a7c87.jpg,porn,NSFW,clip_laion_probed,0.9999905824661255,NSFW,3175.888149000002
/workspace/raw_data/porn/e4c0755f0704c4a4d3eaef85097c7f152463f0a2086ab33879a4926de234773d.jpg,porn,NSFW,clip_laion_probed,0.9999219179153442,NSFW,3098.873972000092
/workspace/raw_data/drawings/47fe5ee78eb2662aa9450a70a4d1d81e1537ff6757709af239f0a1cfa4d07998.jpg,drawings,SFW,clip_laion_probed,0.0004220076953060925,SFW,3052.0547830001306
/workspace/raw_data/sexy/1f513224ed3db839be40f46aeeae746b1ec0aff4743e34b5face9e2bd4e34520.jpg,sexy,NSFW,clip_laion_probed,0.9991532564163208,NSFW,3085.1153439998598
/workspace/raw_data/neutral/f2080f79081cea9e7e287793ff4750a265044fbabec6ba28a26255f16125bd73.jpg,neutral,SFW,clip_laion_probed,0.0012367694871500134,SFW,3106.8038020000586
/workspace/raw_data/sexy/d4f3440e60187dd21d490332efc9763e070050e4c952b9068f83adfb94873bc7.jpg,sexy,NSFW,clip_laion_probed,0.9934572577476501,NSFW,3159.962008000093
/workspace/raw_data/porn/6ea33eaae114dfb1c7f9fec1f854212061c357399b90b32e05bfa812b5c690c7.jpg,porn,NSFW,clip_laion_probed,0.9999947547912598,NSFW,3023.246282999935
/workspace/raw_data/hentai/5234030.jpg,hentai,NSFW,clip_laion_probed,0.9998378753662109,NSFW,3016.34336799998
/workspace/raw_data/drawings/8719c73aa8d5c2e70bcd072cacc8518ee7413295137e0413c3c936b20789ef0e.jpg,drawings,SFW,clip_laion_probed,0.0002716167364269495,SFW,2933.761203999893
/workspace/raw_data/hentai/11e050259743017a892b96403595bc576b136f74a623e9bd99f2f9594970f7f5.jpg,hentai,NSFW,clip_laion_probed,0.9983546137809753,NSFW,3220.7210480000867
/workspace/raw_data/hentai/93609012_p0_master1200.jpg,hentai,NSFW,clip_laion_probed,0.997731626033783,NSFW,3051.9508710001446
/workspace/raw_data/hentai/81650294_p0_master1200.jpg,hentai,NSFW,clip_laion_probed,0.9666359424591064,NSFW,2947.7196929999536
/workspace/raw_data/hentai/9df07b0c55d8c723b0fe4f40abf34de09a87eb521c448426a21099b7ddf41fb2.jpg,hentai,NSFW,clip_laion_probed,0.9979256391525269,NSFW,2934.700274000079
/workspace/raw_data/porn/a2c6c06d02923f78b234bd079a1a9331c5a2050d0e12f85d7f55b9447a211330.jpg,porn,NSFW,clip_laion_probed,0.9999849796295166,NSFW,2967.5506309999946
/workspace/raw_data/drawings/149d68ff00db5262c6d66ccadc8a6b49bbf4a62a03b0489adba5d412ef14edfe.jpg,drawings,SFW,clip_laion_probed,0.00856519490480423,SFW,2951.1888629999703
/workspace/raw_data/neutral/3eb5280bce43e78d8354c06799fae10346ea4ff1bb7bde4db07049f918bb831b.jpg,neutral,SFW,clip_laion_probed,0.0002131979272235185,SFW,2966.537950999964
/workspace/raw_data/porn/ed5e90b8053c4718e5975db8c21636bf717ce2898f00713a1be651b2cfb94044.jpg,porn,NSFW,clip_laion_probed,0.9999998807907104,NSFW,3001.206696000054
/workspace/raw_data/porn/886e0f90a70b1a084dbf6a38a5a480dd52bc8e3bed7be6301104274c7f58db88.jpg,porn,NSFW,clip_laion_probed,0.9999998807907104,NSFW,2978.3763070001896
/workspace/raw_data/sexy/b049adca73899987329b195fd04d71f25aeb9638aa594701eb7f3463bcbf9265.jpg,sexy,NSFW,clip_laion_probed,0.9980531930923462,NSFW,2881.531761999895
/workspace/raw_data/neutral/21a57f75d6334579c530575725a96cc7ea2755c8ed1cd4b420eec6f05e30a832.jpg,neutral,SFW,clip_laion_probed,0.013398836366832256,SFW,2869.4106979999106
/workspace/raw_data/drawings/f9b61cd5b35d3c94ed7336368f70e2afc8d1e77db1c1ade589e3adcc99e1e557.jpg,drawings,SFW,clip_laion_probed,0.0013647614978253841,SFW,2850.4863940001997
/workspace/raw_data/drawings/ccf8c22ba51eb995e839d51542103086cf7d712592511979b5ced7be8fc734cc.jpg,drawings,SFW,clip_laion_probed,0.0010814550332725048,SFW,2940.632543999982
/workspace/raw_data/porn/1e8261ad973f63301d621dc5be59d89de3ba5089b5922b8b734c096b65629190.jpg,porn,NSFW,clip_laion_probed,0.9991869330406189,NSFW,2953.7880560001213
/workspace/raw_data/porn/9440b8dd44acac63e7809ff80c9044276ce1a21e0fc4ee6fa14a7f5d453e86fd.jpg,porn,NSFW,clip_laion_probed,0.9999959468841553,NSFW,2935.0988610001423
/workspace/raw_data/drawings/cbb7560118f8a06813c2bf2cc990a2225d4750bb80b305808542e51847973ba8.jpg,drawings,SFW,clip_laion_probed,0.0033749951981008053,SFW,2952.141006000147
/workspace/raw_data/sexy/bb144ee493f60135f9efe76f388a4d7ef4c7064fe56c92165587317c2ef30951.jpg,sexy,NSFW,clip_laion_probed,0.9985955357551575,NSFW,3051.172197999904
/workspace/raw_data/sexy/12633009949b38941ccf21edbb652de7bae934d16cbd6233e5714805f59bb1bc.jpg,sexy,NSFW,clip_laion_probed,0.9854523539543152,NSFW,2799.4308339998497
/workspace/raw_data/neutral/71a69c9b2a19fe36be48cbd8387729df88dbe2acd0cd43929f76154bf74b44fe.jpg,neutral,SFW,clip_laion_probed,0.6310235261917114,NSFW,2925.7600509999975
/workspace/raw_data/sexy/2f2ed4804a99b37fd0b04b385ab2b08e3ef7eba5a6b2ebc6ffe27221fa10436c.jpg,sexy,NSFW,clip_laion_probed,0.9972163438796997,NSFW,2978.663724999933
/workspace/raw_data/porn/42d0a64dfaa480b9d9e15d950c7e706b9ae96d19b9c47e6cfc7061bfde136701.jpg,porn,NSFW,clip_laion_probed,0.9999998807907104,NSFW,2933.050464999951
/workspace/raw_data/sexy/5e0151fecd4eef95f5e66e74c59e5e678c4dce6ef3c2ecc7edc7270a646142ea.jpg,sexy,NSFW,clip_laion_probed,0.9994553923606873,NSFW,2944.6127559999695
/workspace/raw_data/sexy/67a0fa25d5ba0bc789f13b1af229c95e66fb408152fbd5138408ca2f02cd0afd.jpg,sexy,NSFW,clip_laion_probed,0.994350790977478,NSFW,3001.880533999838
/workspace/raw_data/hentai/2059c6e0dd92802927e4ac5ca12927c37d2c920f344a5ec7a640f76e6dcb30d7.jpg,hentai,NSFW,clip_laion_probed,0.7806491255760193,NSFW,2932.731244000024
/workspace/raw_data/drawings/b8399c509d15f316e49d60c7986c076f4fb10135dba2237238891622fff7a7ed.jpg,drawings,SFW,clip_laion_probed,0.00023382149811368436,SFW,2949.7412660000464
/workspace/raw_data/drawings/93d37fd58b78ebc61213a128ce0eddeea9a20a1982d235558f79f4f4559ec902.jpg,drawings,SFW,clip_laion_probed,0.03197972849011421,SFW,2959.5542969998405
/workspace/raw_data/hentai/2697460.jpg,hentai,NSFW,clip_laion_probed,0.9997984766960144,NSFW,2945.45997299997
/workspace/raw_data/neutral/90d4dc7746868dd366204a95123b412951dbb36e52ba4d59096db58839e19b85.jpg,neutral,SFW,clip_laion_probed,1.8092694631377526e-07,SFW,2945.38776100012
/workspace/raw_data/porn/a93ccfdb2864daddaf190ca4b337bd9aacbf9ffd5269da46c3244e394c15c63c.jpg,porn,NSFW,clip_laion_probed,0.9999971389770508,NSFW,3001.5849569999773
/workspace/raw_data/neutral/4490e4496d5874a7d30170341c16241704f164b9d6574ad93dedae645de496b0.jpg,neutral,SFW,clip_laion_probed,1.675087446528778e-06,SFW,2965.769449999925
/workspace/raw_data/sexy/fa1ec46f440287b04dce02945143323f482ce71ce45a6da7c6a6891a0787d8c9.jpg,sexy,NSFW,clip_laion_probed,0.994870662689209,NSFW,3012.335081000174
/workspace/raw_data/sexy/a9f84d1f1d7b8cd7f60155698373bdae4a5c0a5f6d4707aed52e6caef26d4fa8.jpg,sexy,NSFW,clip_laion_probed,0.9994884729385376,NSFW,3072.1299589999944
/workspace/raw_data/hentai/83676299_p0_master1200.jpg,hentai,NSFW,clip_laion_probed,0.999458372592926,NSFW,2943.6679580001055
/workspace/raw_data/neutral/f541785a1d5e861d567c608206897e404432cf27dcf7b44e5d10bc08aafd8c58.jpg,neutral,SFW,clip_laion_probed,3.074623236898333e-05,SFW,2993.529851999938
/workspace/raw_data/porn/06ead0062fbee8b607f6ca31574675d08e17e1bc530d2e0ab2b3df804dcb3a67.jpg,porn,NSFW,clip_laion_probed,0.9999985694885254,NSFW,2992.06429700007
/workspace/raw_data/hentai/5278354.jpg,hentai,NSFW,clip_laion_probed,0.9959583878517151,NSFW,2977.557727999965
/workspace/raw_data/sexy/0b5af6f7caef5ebf9349beab5f6a004c28fb99354ae2480fb8afc8a902298553.jpg,sexy,NSFW,clip_laion_probed,0.995482325553894,NSFW,2998.042185999793
/workspace/raw_data/neutral/9e92dfb25ed381ef48e0db797e70d2fee09e82b6ade116450597b42093ae4fc7.jpg,neutral,SFW,clip_laion_probed,4.365489076008089e-06,SFW,2924.5027959998424
/workspace/raw_data/neutral/c0025b4d7781bdc74aac47a5559ddf801fb7aadee4101d9775b4ba024e675673.jpg,neutral,SFW,clip_laion_probed,9.291589958593249e-05,SFW,2956.5065799999957
/workspace/raw_data/porn/bbc5c95a46015ea549ba5065dcd2bc933c6061154f3b806f58ade3b54693d2db.jpg,porn,NSFW,clip_laion_probed,0.9999988079071045,NSFW,2992.046203999962
/workspace/raw_data/porn/b01927af3a2f676857b9518cdcd78c4c76b844bf906a1073e52ababb4540e70d.jpg,porn,NSFW,clip_laion_probed,0.9999966621398926,NSFW,2936.539665000055
/workspace/raw_data/porn/321c64d384fdfc3818aafebb374371b1d5fa60464cf3261dd39ee8cead16fe39.jpg,porn,NSFW,clip_laion_probed,0.99996018409729,NSFW,2925.9791340000447
/workspace/raw_data/porn/c9ebbb801271b25dacd16978082176898dcab35680d9a2da369d1df591a600b9.jpg,porn,NSFW,clip_laion_probed,0.9999997615814209,NSFW,2941.513137999891
/workspace/raw_data/drawings/3901d978fceb487087eefac8e40e054a881095254f2b111f4da32ba6df80e4f0.jpg,drawings,SFW,clip_laion_probed,0.0036213069688528776,SFW,3014.0616090000094
/workspace/raw_data/porn/30ec3b55c8dfeeb904cc838f7383f4b05fe28d7eb8111ea14d2fa1f918e81471.jpg,porn,NSFW,clip_laion_probed,0.9999988079071045,NSFW,2969.9382249998507
/workspace/raw_data/porn/c71ba7e1125be1f608c4ac2a159624abc052286e09f8d90eb3dea47962cc1153.jpg,porn,NSFW,clip_laion_probed,0.9999951124191284,NSFW,3005.52153600006
/workspace/raw_data/drawings/975208b0d40633ca491333edc0e71b35049e7a917dc33ef447ad4019e6ae1f2d.jpg,drawings,SFW,clip_laion_probed,0.02179200015962124,SFW,2949.2612330000156
/workspace/raw_data/sexy/5bf510a6795fc9a5be73a861a7cce7ea4ba9c5ab29c4f66f93c6b30baa444ed0.jpg,sexy,NSFW,clip_laion_probed,0.9989681243896484,NSFW,2947.4697320001724
/workspace/raw_data/sexy/6e6347fb34d5928b89cc824d588628b35c500fcb4a24d22d3f48ae3170bb6285.jpg,sexy,NSFW,clip_laion_probed,0.9996253252029419,NSFW,2927.4659650000103
/workspace/raw_data/hentai/2333278.jpg,hentai,NSFW,clip_laion_probed,0.9999349117279053,NSFW,2951.414848000013
/workspace/raw_data/sexy/a5fca23be8cf390d18032fbbc57496e45c9621b71004476ba77ecb3cb1988c18.jpg,sexy,NSFW,clip_laion_probed,0.9944572448730469,NSFW,3012.4112789999344
/workspace/raw_data/porn/a81d18651ea0b657b0c8dd6231e45e8edf1ee8a4222ff67b51b6cd7194a1b7ab.jpg,porn,NSFW,clip_laion_probed,0.9998675584793091,NSFW,3031.44761700014
/workspace/raw_data/hentai/1010169.jpg,hentai,NSFW,clip_laion_probed,0.2153150737285614,SFW,2995.2619069999855
/workspace/raw_data/drawings/c884f22eec53377b053aa9e60b819eeee541552db06d19edbb4722c80b590348.jpg,drawings,SFW,clip_laion_probed,0.0006719102384522557,SFW,2939.353366999967
/workspace/raw_data/sexy/6c7fd81dcf5879e7d9d929dbf7a9ca27163985cc72b3db0f8e8a1cf0e7c5d0df.jpg,sexy,NSFW,clip_laion_probed,0.9997755885124207,NSFW,2950.197433999847
/workspace/raw_data/hentai/3245276.jpg,hentai,NSFW,clip_laion_probed,0.9966055154800415,NSFW,3093.5823860002074
/workspace/raw_data/hentai/99301556_p0_master1200.jpg,hentai,NSFW,clip_laion_probed,0.9547613859176636,NSFW,2994.0303850000873
/workspace/raw_data/drawings/1dc46daab5bcf44f9daa12343b2b43f272f9b68ba44246d675a327de338b394f.jpg,drawings,SFW,clip_laion_probed,0.0006359899416565895,SFW,2964.743618000057
/workspace/raw_data/porn/8bb4e81a92b3d16f35cefd84c47e4a58d5f5aaa99f3dfa6547efb51299c7479d.jpg,porn,NSFW,clip_laion_probed,0.9999933242797852,NSFW,2962.613413000099
/workspace/raw_data/hentai/479aa6c72aa7b1a0805184b1d1845c8ad6cc1a5ba2580b57d31f5594e8f3c74a.jpg,hentai,NSFW,clip_laion_probed,0.902633547782898,NSFW,2955.3335630000674
/workspace/raw_data/neutral/7f27156d52e7e5bdcdcadaa7f7aabb3469ad83bb203c5a2bfb71f880f7d99fc5.jpg,neutral,SFW,clip_laion_probed,3.0642447654827265e-06,SFW,2942.706046000012
/workspace/raw_data/hentai/90160577_p5_master1200.jpg,hentai,NSFW,clip_laion_probed,0.9955392479896545,NSFW,3000.6380960001025
/workspace/raw_data/hentai/6131651.jpg,hentai,NSFW,clip_laion_probed,0.9953905344009399,NSFW,3008.2766969999284
/workspace/raw_data/drawings/114ed3474e1c0a0020afaef5bbf6a2192070e3f3de40ef2ef560d5891e9fe7bc.jpg,drawings,SFW,clip_laion_probed,0.026377210393548012,SFW,2990.536995999946
/workspace/raw_data/drawings/b430a0bd40e6d0357bd1eecd9ea2f2b51de023ca882ec6ea7219a76bfde303d7.jpg,drawings,SFW,clip_laion_probed,0.0011417657369747758,SFW,2979.9132000000554
/workspace/raw_data/neutral/a76e2ab4219a816a43ee2f610ac02b5eb11a8894d5af76b27c7111a79cbd7f0d.jpg,neutral,SFW,clip_laion_probed,0.00063804053934291,SFW,2997.624162000193
/workspace/raw_data/sexy/c2d0e3b62cf8b818587aba96b14562e7380169a50ddae8c3d0cd38f2c5066c04.jpg,sexy,NSFW,clip_laion_probed,0.9961099028587341,NSFW,2980.170034999901
/workspace/raw_data/neutral/2291d7486d63c30c7ecc05de1f3cc869c72b5bec74ee3846514a733609c2abad.jpg,neutral,SFW,clip_laion_probed,7.412655395455658e-05,SFW,2955.495547000055
/workspace/raw_data/drawings/d50b738fb1e64804408c0a0f4dc687f6eafc6dc08231fbb54b2f7eb0cf636d00.jpg,drawings,SFW,clip_laion_probed,0.0003453254757914692,SFW,3002.2828250000657
/workspace/raw_data/neutral/43183ffac167ad2720e9a0060fc0e1fe664b64f49feb461e7e5bbff26fe2d7dc.jpg,neutral,SFW,clip_laion_probed,1.0236083653580863e-05,SFW,3005.4466379999667
/workspace/raw_data/drawings/7680de02889248b119cecb766ae0bc59abd0542b35183d29d5db8343394ea2b9.jpg,drawings,SFW,clip_laion_probed,0.0009862821316346526,SFW,2948.7938170000234
/workspace/raw_data/drawings/e186c152ded9d961fa189b21529342318db927fb6ac2e5d168a4efec721991fa.jpg,drawings,SFW,clip_laion_probed,0.009233457036316395,SFW,2974.358408999933
/workspace/raw_data/hentai/70357309_p0_master1200.jpg,hentai,NSFW,clip_laion_probed,0.9992263317108154,NSFW,2979.49834200017
/workspace/raw_data/porn/c18bcf588f87b2e957341e105b16a5654a57e09418745614c0262a09cc88a26a.jpg,porn,NSFW,clip_laion_probed,0.9999985694885254,NSFW,2966.514352000104
/workspace/raw_data/neutral/5afe03138d4de2e08dc9b2ba13322b047dd8329ec0c4ff6b9b81389fa71184d5.jpg,neutral,SFW,clip_laion_probed,7.238406396936625e-05,SFW,2970.6367700000555
/workspace/raw_data/porn/37b3aeadf19e46ee4adabfd1e5deff0e1cf41443e8f9e5de1c726bd1f6474322.jpg,porn,NSFW,clip_laion_probed,0.9999970197677612,NSFW,2960.0144720000117
/workspace/raw_data/sexy/e191f9fd5b0880de6c448456d370db516bd1fa5e62944c7205052267011b71b5.jpg,sexy,NSFW,clip_laion_probed,0.7512839436531067,NSFW,3005.2963319999435
/workspace/raw_data/sexy/51f6dfb3e404c12ce541395423b9d7b4e4ae37c748d9e99fa671a663907ab8c6.jpg,sexy,NSFW,clip_laion_probed,0.9986602067947388,NSFW,2952.794905000019
/workspace/raw_data/hentai/e1f6387a3a3fc5091a3cca661630415a22e635ae497683b1b7dfa42f6f98dbab.jpg,hentai,NSFW,clip_laion_probed,0.9988210797309875,NSFW,2979.9542810001185
/workspace/raw_data/hentai/730323.jpg,hentai,NSFW,clip_laion_probed,0.9864848852157593,NSFW,2958.199936000028
/workspace/raw_data/hentai/3204782.jpg,hentai,NSFW,clip_laion_probed,0.9996752738952637,NSFW,2945.457110999996
/workspace/raw_data/drawings/60c7e464302646f0fa5d94defbbb48513ad1a1878f083f9a28f575dc7a049382.jpg,drawings,SFW,clip_laion_probed,0.00024172733537852764,SFW,2973.6465940000016
/workspace/raw_data/porn/767dc689ad4c33b7f32fe5b5ce9e6ecb8fd4bf660cc94f5b8081345ef21bf7d4.jpg,porn,NSFW,clip_laion_probed,0.9998700618743896,NSFW,2940.5122639998353
/workspace/raw_data/porn/ad34a63419c17cd3c2435c5d790e225eba30fa3b652393a4b0b5f7d868cad91f.jpg,porn,NSFW,clip_laion_probed,0.9999994039535522,NSFW,2968.8087419999647
/workspace/raw_data/sexy/6c054beca48768e199af10d5c135e6b009196ac23092e7143fc7f70c5ae10a01.jpg,sexy,NSFW,clip_laion_probed,0.9991359114646912,NSFW,2964.7969849997935
/workspace/raw_data/sexy/10b2b74fad373b4a56b70d7aac9d3a58b21bee491c26b544ec0427d089866167.jpg,sexy,NSFW,clip_laion_probed,0.9990518689155579,NSFW,3002.063872000008
/workspace/raw_data/neutral/a795ab684100a099435d0c57f33c89a5c0b2c5d84d82211447f9cb2bb7c6b7c3.jpg,neutral,SFW,clip_laion_probed,0.011004402302205563,SFW,3146.2148880000314
/workspace/raw_data/hentai/69085025_p0_master1200.jpg,hentai,NSFW,clip_laion_probed,0.997063934803009,NSFW,2990.6505310000284
/workspace/raw_data/drawings/4b52141316710b890a3f5c1f6a8081c414c2720de2bbdccd502e054bb925b403.jpg,drawings,SFW,clip_laion_probed,0.0012217590119689703,SFW,3167.6691200000278
/workspace/raw_data/porn/64233f7d792c1af6e95cf4eb89a1ab93feab38f97ab28f5025c2fc5aa26a96d2.jpg,porn,NSFW,clip_laion_probed,0.9999998807907104,NSFW,3269.3619310000486
/workspace/raw_data/drawings/5c1cb8136fb791b30cdc537990a123381405e48e05d811a677a8bd82d597e45c.jpg,drawings,SFW,clip_laion_probed,0.051880136132240295,SFW,2950.059501999931
/workspace/raw_data/porn/bd78dfc5e4ac0ca0cfec8c8d47951694edcbf643cf73c06a2ab39eacba43cd59.jpg,porn,NSFW,clip_laion_probed,0.9999926090240479,NSFW,3197.270496999863
/workspace/raw_data/drawings/de0ccf8de714b51de3bde0bb846b8213614d09aba69de879b9e92f63301079e6.jpg,drawings,SFW,clip_laion_probed,0.00609805341809988,SFW,3282.7885029998924
/workspace/raw_data/drawings/a69d247ecf173bd32cedceb03f4e2a0ff1b2caa93958ed48fc0a65cf824d4310.jpg,drawings,SFW,clip_laion_probed,0.10228866338729858,SFW,3107.612716999938
/workspace/raw_data/porn/7d5939d9b79f8130fbc8cb04f9a9172c9c941a6ac01add111abd21c8ad88e290.jpg,porn,NSFW,clip_laion_probed,0.9999929666519165,NSFW,3210.4290310001034
/workspace/raw_data/sexy/0b15b69e66f5a4579c9309faeaffc9fa462ecc5ed3b117f847225ad7b408b600.jpg,sexy,NSFW,clip_laion_probed,0.9847321510314941,NSFW,3741.7039599999953
/workspace/raw_data/drawings/ab48825053f901b7186e29320e3c7f74a81676200730a6225e970b56d3419457.jpg,drawings,SFW,clip_laion_probed,0.003520011669024825,SFW,3342.2276290000354
/workspace/raw_data/neutral/e721725ed2a9ab3b010febf05785a02e6a3fefa47ac567d35bedb34def1fbcca.jpg,neutral,SFW,clip_laion_probed,5.2350722398841754e-05,SFW,3166.7163440001787
/workspace/raw_data/drawings/1660174a7854d9126eadd3ee0bca3af331b15e225c67cb283d91ce4b076faa82.jpg,drawings,SFW,clip_laion_probed,0.000998223666101694,SFW,2865.653693000013
/workspace/raw_data/porn/44e695153773cc8c0b3523308e8c48cfae9e8315eb95fc3a32b5372542a2236d.jpg,porn,NSFW,clip_laion_probed,0.9997461438179016,NSFW,3033.9182000000164
/workspace/raw_data/drawings/49c4901be3ef3be3b9f87186d1f5fface5f057f277818644a70405207ca5bca9.jpg,drawings,SFW,clip_laion_probed,0.0017972976202145219,SFW,3589.332658999865
/workspace/raw_data/sexy/67d659a36569299ca5ed45837c6ffd3a143dc257736f61c8ca45fecb3918a686.jpg,sexy,NSFW,clip_laion_probed,0.9981077909469604,NSFW,3060.674838000068
/workspace/raw_data/sexy/bad80a29dfe1f14af1289d15dfbe96a2584db669d3457f392bcb85f0d4ba6aa7.jpg,sexy,NSFW,clip_laion_probed,0.95109623670578,NSFW,2932.2922510000353
/workspace/raw_data/sexy/ea4a3bea934fccea02d0c7deccbfc658a093f1dce68e6c3264ed1af7dc2125f5.jpg,sexy,NSFW,clip_laion_probed,0.9929755926132202,NSFW,2917.7889300001425
/workspace/raw_data/drawings/58b49b4964d2f20288020ad1cbbf03b65ac7e0f2b876f0efbcf8221f89f912ea.jpg,drawings,SFW,clip_laion_probed,0.000479261128930375,SFW,2953.853830999833
/workspace/raw_data/hentai/5448519.jpg,hentai,NSFW,clip_laion_probed,0.998645007610321,NSFW,3033.7614420000136
/workspace/raw_data/porn/7f97e89a6b0a117e74a029f7cb47302e0e2f3c4bf2576ee66565e8c2dcba3ad3.jpg,porn,NSFW,clip_laion_probed,0.999995231628418,NSFW,3033.010650999813
/workspace/raw_data/porn/c91f7ad8456b8ef2654ce55640ef8d8109a644c826f416d5b7668b62bf096d61.jpg,porn,NSFW,clip_laion_probed,0.9999774694442749,NSFW,2867.26639099993
/workspace/raw_data/drawings/0631f7333e0138815dfb4f4054185a5568b52490cf05d6383d099a604fcc45d0.jpg,drawings,SFW,clip_laion_probed,0.0003508308727759868,SFW,2941.6400929999327
/workspace/raw_data/drawings/c7c4db057ffee070dc66a2e3db554aaa56077748a2c1498b99adbf27ed92983a.jpg,drawings,SFW,clip_laion_probed,0.0037601550575345755,SFW,3071.1991390001003
/workspace/raw_data/porn/3b2a6b6133056dccbf04e58bc041774b6fb71a99a43a1c5dca6a27c423cedb2f.jpg,porn,NSFW,clip_laion_probed,0.9999991655349731,NSFW,3266.8319510000856
/workspace/raw_data/hentai/69adaae42d208e291ca8a308c57176d88ce803abb3f4f7f4995ffbd9545d7b2d.jpg,hentai,NSFW,clip_laion_probed,0.9999837875366211,NSFW,3234.7781779999423
/workspace/raw_data/hentai/86955079_p0_master1200.jpg,hentai,NSFW,clip_laion_probed,0.9983599781990051,NSFW,3060.872019000044
/workspace/raw_data/porn/d095ce893a8ebef17e9634210561120fa042a0cb880265a2a75bf001305b3c57.jpg,porn,NSFW,clip_laion_probed,0.9999998807907104,NSFW,2942.431402000011
/workspace/raw_data/hentai/85123654_p2_master1200.jpg,hentai,NSFW,clip_laion_probed,0.9937009811401367,NSFW,2927.7526710000075
/workspace/raw_data/sexy/84125c10f7d92289fdb12f82052aed4a831f4870601d2e81b649877e207af441.jpg,sexy,NSFW,clip_laion_probed,0.9997759461402893,NSFW,2947.460417000002
/workspace/raw_data/porn/3618082a7db9cc36ce11ae7a7e57800e9e2e13bb200adb27a1db2c7ac94e5b3d.jpg,porn,NSFW,clip_laion_probed,1.0,NSFW,2925.914968999905
/workspace/raw_data/sexy/324ea4f4e7710d4635957f46001f939c4aa70135eba0da6354c0e5e625960a9c.jpg,sexy,NSFW,clip_laion_probed,0.99837327003479,NSFW,2824.8769859999356
/workspace/raw_data/hentai/737549b46d6e6a923661cf29c1b00edc948a2e0f44df527e8776fd2dfe942fa2.jpg,hentai,NSFW,clip_laion_probed,0.5222371816635132,NSFW,2938.821708999967
/workspace/raw_data/drawings/01d5e316745ca06c77e7ceb60349e1ec91792dd2a8f8df5945a79bc6fec2b624.jpg,drawings,SFW,clip_laion_probed,0.00018643966177478433,SFW,2940.288973999941
/workspace/raw_data/drawings/f7f39609f34a91e086e912abfac5292419b83999eef665230306a306d194441d.jpg,drawings,SFW,clip_laion_probed,0.0001059732458088547,SFW,2975.140485000111
/workspace/raw_data/drawings/9299c128c420f5322e15a5cb0be541871d48679dd2dd7c8475ce820b8f62d5ee.jpg,drawings,SFW,clip_laion_probed,0.012280305847525597,SFW,2993.253864999815
/workspace/raw_data/drawings/d59755314803e031fe472e2d3081df12f42ae86020d3fb25a554bb4017b01543.jpg,drawings,SFW,clip_laion_probed,0.004261183552443981,SFW,2951.349829000037
/workspace/raw_data/porn/cef0cc88b226f86900b9e8e6c6d9711f0264b20e87ce6752f20baa382befcfe6.jpg,porn,NSFW,clip_laion_probed,0.9999961853027344,NSFW,2892.738833999829
/workspace/raw_data/sexy/b04243b44c2e1eb852a4ffd3fc5e208040c4394a9d09d1c515c098c039b5b4fc.jpg,sexy,NSFW,clip_laion_probed,0.9862042665481567,NSFW,2909.771159999991
/workspace/raw_data/hentai/fab6a300065fed0c15e360b41b131f24c77ba34b8055c49b4ec05209c597f259.jpg,hentai,NSFW,clip_laion_probed,0.9999983310699463,NSFW,3111.198206999916
/workspace/raw_data/drawings/4d6c89d7f9372f21be1fcceffb9c51c81abb561e0f0bc8d777ab3c048a0f5f79.jpg,drawings,SFW,clip_laion_probed,0.023966893553733826,SFW,2999.1791279999234
/workspace/raw_data/sexy/479d86305ff35c7fc2b4d77c85a4c152bd6d54bc2f8b4d6f362ab93a8abc5bc0.jpg,sexy,NSFW,clip_laion_probed,0.9951847195625305,NSFW,3003.747814999997
/workspace/raw_data/drawings/d870e8d864942b2bbff2746994a20be863976fe5f0d30fe3597647bad1a66b9b.jpg,drawings,SFW,clip_laion_probed,0.004779377486556768,SFW,2992.2955499998807
/workspace/raw_data/sexy/94489d81a5f9598a9681ce8967110e4ea23eaf5578d19225fcb098d57a3279bf.jpg,sexy,NSFW,clip_laion_probed,0.9881604909896851,NSFW,2913.422264000019
/workspace/raw_data/sexy/016a64e63392f54334b7e2c4061fb4b26202b10490ebc8c56a9a603ea78a5912.jpg,sexy,NSFW,clip_laion_probed,0.999382734298706,NSFW,2950.1724179999655
/workspace/raw_data/neutral/4701ffe826cdd1f768c96d98c01823db5ccd377220844591fdaabbb27698f069.jpg,neutral,SFW,clip_laion_probed,0.0009556290460750461,SFW,2961.723468999935
/workspace/raw_data/sexy/f88815d96ebb51e8136d0acb2877b8507c467e283ba68542fc4370eebfc05eff.jpg,sexy,NSFW,clip_laion_probed,0.9996860027313232,NSFW,2941.960783000013
/workspace/raw_data/hentai/78528183_p1_master1200.jpg,hentai,NSFW,clip_laion_probed,0.4141579270362854,SFW,2929.7138320000613
/workspace/raw_data/porn/8eb6bf86c2a5f3f767efef0220705d78da84763d43197b347ef1d5e5c3e1ae4f.jpg,porn,NSFW,clip_laion_probed,0.9999991655349731,NSFW,3025.969507000127
/workspace/raw_data/neutral/e383b7fdf5ec96c4fb9c8f13ce515b74e0845610090912d2fd30c3adc202c417.jpg,neutral,SFW,clip_laion_probed,3.775525692617521e-05,SFW,2916.915963000065
/workspace/raw_data/drawings/e717ccb2f2e8bc25590577dfbe6535753cfb6d259398753457c3c6ca60f05e85.jpg,drawings,SFW,clip_laion_probed,0.0002610479132272303,SFW,2911.4894199999526
/workspace/raw_data/drawings/a355e00751a352d81e90dcfb9e23c61bd0ef88a81ea934092eef0a45582ee82d.jpg,drawings,SFW,clip_laion_probed,0.03071758523583412,SFW,2923.619101999975
/workspace/raw_data/hentai/e41f19f9951606d5c5b6f1826e41630a610ae7fc03113dca9285f601f408b57f.jpg,hentai,NSFW,clip_laion_probed,0.3708145022392273,SFW,2933.5732959998495
/workspace/raw_data/sexy/3bac446938bc9efc41f89a0aefb6588738015b34961560590b14d0a796aa9f7d.jpg,sexy,NSFW,clip_laion_probed,0.9842034578323364,NSFW,2926.0004109999045
/workspace/raw_data/sexy/a4e65a8df1de8d092da20787164b584ebefbac570c7ef1fdd5215a8dd09b0cdf.jpg,sexy,NSFW,clip_laion_probed,0.9995716214179993,NSFW,2882.396100000051
/workspace/raw_data/sexy/6163260265a7c83d830db63b56e0b8826f2c4c68ad3167b7c9c294000775ff4c.jpg,sexy,NSFW,clip_laion_probed,0.9994064569473267,NSFW,2800.153847000047
/workspace/raw_data/porn/c347d937ef57b6baf148620a26513fe6cb66fff4de1cbb1efaeffcc9a83f94b5.jpg,porn,NSFW,clip_laion_probed,0.9999997615814209,NSFW,2951.2908679998873
/workspace/raw_data/porn/d7c2e46ee46ea119f7b0fb767975f178284dc86c7ae6c179dfb3ed6a379f2d91.jpg,porn,NSFW,clip_laion_probed,0.9999717473983765,NSFW,2901.607115999923
/workspace/raw_data/hentai/51ee1e0c36990786c793c01d3ee6e359049e7834573d93a4d0e8fda75ee99f53.jpg,hentai,NSFW,clip_laion_probed,0.9314456582069397,NSFW,2963.6059849999583
/workspace/raw_data/neutral/391c2673071ba7e27430d8c98dff28f574070412304f0db1a00a95025906e603.jpg,neutral,SFW,clip_laion_probed,0.004043786786496639,SFW,3054.099787000041
/workspace/raw_data/drawings/f84eb79e88936269e654229de1f7fc88ac6367e0586eafcdca0c8d0c88338c5a.jpg,drawings,SFW,clip_laion_probed,0.010146073065698147,SFW,2959.4797699999162
/workspace/raw_data/neutral/a997d1b69d424858140dae088629362e6a1e549f7d3fc17374fb1d851d7fa287.jpg,neutral,SFW,clip_laion_probed,4.1568542656023055e-05,SFW,2913.9374910000697
/workspace/raw_data/neutral/035c38f08d44a105e8614329f162ffcbd5e1496180180aaa406ce3bcc065daee.jpg,neutral,SFW,clip_laion_probed,2.4589418899267912e-05,SFW,2942.6127940000697
/workspace/raw_data/porn/984f7bb130be19aa45af7e894f4480881b66c93ff9e579160de65233a41511a4.jpg,porn,NSFW,clip_laion_probed,0.9999673366546631,NSFW,2933.639896999921
